architecture,params,inference_time_cpu,inference_time_gpu
64:16:16:8:32:32:16|d3r4:z:c1x1:c1x5:d3r4:c1x1,203545,0.34737040996551516,0.026965117454528807
16:16:64:32:16:8:8|c1x3:c1x1:id:z:d3r4:d3r2,147241,0.06823689937591552,0.005057692527770996
16:8:16:16:8:16:32|d3r2:d3r2:d3r2:c1x5:c1x3:d3r2,123873,0.07592568397521973,0.012101006507873536
64:64:16:16:64:64:64|d3r2:d3r4:id:c1x3:z:c1x5,787993,0.6643643379211426,0.05084981918334961
16:32:32:64:64:8:16|dw3x3:c1x3:z:z:d3r4:dw3x3,176145,0.2524104118347168,0.0191500186920166
64:16:64:8:8:16:16|c1x1:c1x5:c1x1:id:c1x3:c1x1,158561,0.320418381690979,0.0240307092666626
8:64:16:32:8:8:64|c1x1:d3r4:id:c1x3:c1x1:z,123121,0.07760002613067626,0.005628705024719238
8:16:16:16:32:64:16|z:dw3x3:dw3x3,15737,0.0876420259475708,0.006216883659362793
32:64:16:64:16:8:64|d3r2:dw3x3:dw3x3:d3r2:dw3x3:c1x1,264585,0.20483050346374512,0.015652179718017578
64:16:32:16:8:64:16|d3r4:dw3x3:d3r4:d3r4:c1x1:z,227289,0.372898006439209,0.02581937313079834
8:8:32:16:8:16:8|dw3x3:dw3x3:id:c1x3:c1x1:d3r4,35777,0.04162273406982422,0.004758501052856445
8:16:16:32:16:16:8|d3r4:d3r4:d3r4:id:dw3x3:d3r2,83385,0.06945390701293945,0.006675338745117188
8:16:8:64:32:8:32|c1x1:d3r4:z:d3r4:dw3x3:dw3x3,94617,0.09758875370025635,0.008881306648254395
16:8:16:8:32:64:64|c1x3:d3r2:c1x3,201497,0.15399038791656494,0.011924839019775391
64:16:64:8:32:16:8|c1x3:id:c1x5:z:c1x3:z,216249,0.3854717254638672,0.02926342487335205
64:8:32:8:16:16:8|dw3x3:d3r4:c1x1:c1x5:dw3x3:d3r4,149897,0.37308244705200194,0.02768988609313965
32:32:16:64:64:16:16|dw3x3:c1x3:z:d3r4:z:dw3x3,154289,0.26886985301971433,0.022353458404541015
16:64:16:8:32:8:64|dw3x3:z:c1x3:d3r2:c1x1:c1x5,229425,0.1727879524230957,0.015798044204711915
32:16:8:64:16:16:8|c1x3:d3r2:dw3x3:c1x5:c1x5:d3r2,226185,0.18445303440093994,0.018669557571411134
16:8:64:16:64:8:64|d3r2:id:z:dw3x3:c1x5:d3r2,349897,0.3444374084472656,0.02210073471069336
16:16:32:8:16:64:32|c1x1:dw3x3:z:c1x1:c1x5:z,94217,0.13962762355804442,0.00953226089477539
32:8:8:16:64:16:16|c1x5:d3r4:d3r2:c1x1:c1x5:c1x5,275737,0.5144311189651489,0.040920138359069824
64:16:16:16:8:8:8|c1x1:d3r4:c1x3:d3r2:c1x1:id,95489,0.30772011280059813,0.0222670316696167
64:8:16:64:64:32:16|z:c1x3:dw3x3,90769,0.28807525634765624,0.019384479522705077
16:8:16:8:64:8:8|c1x5:id:d3r2:d3r4:c1x1:c1x3,139609,0.3554833173751831,0.024785494804382323
32:64:64:32:32:8:32|id:c1x3:c1x3:d3r4:d3r2:c1x5,522489,0.2708038330078125,0.024363613128662108
8:16:16:64:8:8:16|c1x3:z:dw3x3:c1x1:dw3x3:dw3x3,48281,0.040168929100036624,0.004657554626464844
32:32:16:64:32:32:32|c1x1:c1x1:dw3x3:c1x1:c1x5:d3r4,223497,0.21835458278656006,0.017337584495544435
8:8:32:32:32:64:64|c1x1:c1x3:c1x3:d3r4:c1x3:c1x1,348121,0.219350266456604,0.01784090995788574
64:16:8:8:8:32:32|c1x1:d3r4:z:d3r2:id:id,87441,0.19564552307128907,0.015720820426940917
8:8:64:8:16:64:64|dw3x3:d3r2:dw3x3:c1x5:d3r4:c1x3,448897,0.18053007125854492,0.017336583137512206
32:64:64:64:32:8:8|c1x1:dw3x3:c1x3:c1x1:c1x1:d3r2,279153,0.21172161102294923,0.016536903381347657
8:32:16:16:32:32:16|dw3x3:d3r4:id:id:dw3x3:d3r2,91657,0.13336093425750734,0.009354376792907714
8:32:8:32:16:8:16|d3r2:c1x3:d3r4:d3r2:dw3x3:d3r2,107761,0.09448130130767822,0.007897043228149414
32:8:32:8:8:16:16|c1x5:id:id:id:id:z,31361,0.0674551248550415,0.005715179443359375
32:8:8:16:32:64:16|c1x1:d3r4:d3r4:c1x1:d3r2:c1x5,255193,0.27445192337036134,0.022262430191040038
16:32:32:64:8:32:8|dw3x3:id:z:c1x3:id:c1x3,102129,0.10167999267578125,0.006776499748229981
8:64:16:16:32:64:64|d3r2:dw3x3:c1x1:id:c1x1:c1x5,330977,0.2709120035171509,0.018168878555297852
64:32:32:32:32:64:16|dw3x3:id:d3r2:c1x1:dw3x3:dw3x3,185457,0.4886039733886719,0.026512622833251953
16:64:8:32:16:32:16|d3r4:c1x1:d3r2:c1x5:d3r2:z,251081,0.14440531730651857,0.010319089889526368
32:16:8:64:16:64:32|c1x3:id:d3r4:c1x5:c1x3:c1x1,338281,0.2387623071670532,0.020160388946533204
16:16:32:64:64:8:32|c1x1:c1x1:d3r4:c1x3:z:c1x3,237769,0.34802727699279784,0.023120999336242676
32:16:32:64:8:8:8|id:d3r2:c1x5:z:z:d3r2,172769,0.10575218200683593,0.00924694538116455
8:64:64:64:64:32:32|c1x5:dw3x3:c1x1:c1x5:c1x5:id,600945,0.525977635383606,0.03572869300842285
32:8:8:8:8:8:16|d3r2:dw3x3:d3r4:id:c1x5:d3r4,62281,0.15507724285125732,0.012894558906555175
16:64:8:16:32:16:32|dw3x3:id:d3r2:c1x3:c1x5:c1x1,189953,0.2104414463043213,0.01620810031890869
8:16:32:8:8:32:16|c1x3:c1x5:id,46625,0.0370743989944458,0.003997254371643067
64:8:64:64:16:32:8|c1x1:dw3x3:id:d3r2:d3r2:c1x5,362601,0.3770026683807373,0.028189659118652344
32:8:8:8:16:8:8|c1x3:d3r2:z:d3r4:z:c1x3,47817,0.1368781805038452,0.010299086570739746
32:32:32:32:32:64:8|dw3x3:dw3x3:c1x5:c1x5:c1x5:z,307609,0.6945024490356445,0.02957770824432373
64:16:64:64:64:16:32|id:c1x3:d3r4:d3r2:z:c1x5,610457,1.449317502975464,0.04591033458709717
32:16:32:16:8:64:8|d3r4:id:c1x3:d3r2:z:c1x5,195873,0.36294867992401125,0.01794719696044922
32:32:32:32:16:16:64|d3r4:c1x3:id:id:c1x3:c1x1,209129,0.3041340112686157,0.012731313705444336
8:32:16:8:64:16:8|id:c1x1:d3r2:d3r2:d3r2:c1x1,148873,0.3487842559814453,0.01688568592071533
64:64:8:8:16:16:64|d3r4:c1x3:d3r4:d3r2:c1x5:c1x1,501545,0.6653004169464112,0.03594181537628174
16:64:64:64:64:64:64|dw3x3:z:c1x5:c1x1:d3r4:z,542049,0.46021695137023927,0.026817917823791504
16:16:8:32:8:32:64|d3r2:dw3x3:d3r2:d3r4:c1x3:c1x3,266489,0.1986140489578247,0.013714456558227539
32:32:16:32:64:32:8|c1x1:c1x1:dw3x3,28033,0.21569857597351075,0.010722875595092773
16:16:16:8:8:32:32|d3r2:dw3x3:d3r2,63505,0.07776885032653809,0.004981470108032226
8:64:32:32:64:32:32|c1x5:c1x5:d3r4:dw3x3:c1x3:id,440593,0.5149496078491211,0.03362967967987061
64:32:8:8:32:8:64|c1x3:d3r4:d3r4:c1x1:d3r2:c1x3,375929,0.592345118522644,0.03402426242828369
32:64:16:32:32:16:16|c1x1:c1x5:id:d3r4:z:id,152825,0.21443674564361573,0.013161063194274902
64:32:16:8:16:8:64|id:c1x1:z:c1x5:id:dw3x3,109369,0.3389709711074829,0.018502306938171387
64:8:64:32:16:64:64|d3r2:c1x3:d3r4:id:d3r2:d3r2,748681,1.0938878059387207,0.031079912185668947
32:64:16:32:32:32:8|d3r2:d3r4:dw3x3:c1x5:id:d3r4,329585,0.6807759523391723,0.02105712890625
64:32:64:32:64:8:32|id:c1x5:c1x1:c1x1:c1x3:d3r2,432137,0.8688214063644409,0.045442843437194826
8:64:16:8:64:16:64|id:c1x5:c1x1:z:z:d3r4,237017,0.32208900451660155,0.018645453453063964
32:64:16:16:32:64:8|c1x3:c1x5:id:id:c1x1:d3r2,301017,0.31899418830871584,0.021532630920410155
8:64:16:32:16:16:16|c1x3:c1x3:z:c1x5:id:c1x3,158313,0.11240713596343994,0.010441207885742187
64:16:32:64:64:8:16|d3r2:d3r4:c1x3:c1x1:d3r2:dw3x3,427857,0.7847500085830689,0.044289040565490725
32:64:16:8:16:8:32|c1x5:c1x1:id,68873,0.09649884700775146,0.0062782526016235355
32:16:64:8:8:32:16|d3r4:c1x5:c1x5:c1x1:z:id,178849,0.18768012523651123,0.01364893913269043
64:32:64:64:16:32:16|id:c1x3:d3r2:c1x1:c1x3:c1x3,426089,0.5111048698425293,0.030857110023498537
8:32:64:64:64:8:8|id:d3r2:d3r4:dw3x3:id:c1x5,354865,0.33085150718688966,0.020270299911499024
8:32:64:16:64:32:64|d3r4:d3r4:c1x5:c1x3:c1x5:d3r4,771209,0.9557222604751587,0.038813114166259766
16:64:64:32:32:8:64|d3r2:id:d3r4,281369,0.17805280685424804,0.007026958465576172
16:64:32:32:64:32:8|id:id:d3r4:id:c1x1:c1x1,156329,0.5255887985229493,0.014408326148986817
8:32:32:8:64:16:32|id:d3r4:id:id:c1x5:d3r4,202841,0.5054964542388916,0.018786358833312988
8:64:32:8:32:8:64|c1x5:dw3x3:c1x1:c1x1:z:c1x1,127233,0.11920802593231201,0.010108661651611329
32:16:16:64:64:8:16|dw3x3:d3r4:c1x5:c1x1:id:c1x3,233545,0.47415971755981445,0.028818416595458984
8:32:32:16:64:64:64|id:c1x3:d3r2:d3r2:d3r4:z,513481,0.4495206356048584,0.025609469413757323
32:8:8:64:64:64:8|c1x1:c1x5:d3r4:z:c1x1:z,258185,0.3645180225372314,0.024250245094299315
32:64:64:32:16:16:32|id:c1x5:c1x5:d3r4:z:c1x5,501353,0.25638816356658933,0.02107853889465332
32:16:16:16:16:16:16|c1x5:c1x5:d3r4:z:c1x3:z,96617,0.1652890682220459,0.014766955375671386
16:64:8:32:16:32:8|c1x3:d3r2:dw3x3:c1x5:dw3x3:d3r4,225289,0.1732809066772461,0.015600061416625977
32:8:16:8:32:8:32|c1x3:d3r2:c1x3:c1x1:dw3x3:c1x1,83009,0.2650588512420654,0.015509557723999024
8:8:16:16:32:8:16|dw3x3:id:c1x1:c1x5:d3r4:z,43641,0.11659424304962158,0.006795406341552734
16:8:64:16:8:16:32|dw3x3:dw3x3:dw3x3:c1x1:d3r2:z,83505,0.08496606349945068,0.007743978500366211
16:8:32:16:32:16:32|dw3x3:id:c1x5:id:c1x3:d3r2,111825,0.14636058807373048,0.012330436706542968
8:32:16:16:16:64:8|id:c1x3:c1x3:d3r4:c1x3:c1x3,194729,0.16225125789642333,0.01513078212738037
64:64:64:32:64:32:64|d3r4:id:c1x1:d3r4:d3r4:d3r4,939417,0.8047690391540527,0.03658847808837891
64:32:16:32:16:32:16|c1x5:dw3x3:c1x1:c1x3:id:z,143649,0.4195335626602173,0.02496047019958496
8:16:32:8:32:8:8|d3r2:d3r2:c1x3:d3r2:z:z,70169,0.1113755464553833,0.007397270202636719
16:32:8:64:8:64:16|id:d3r2:dw3x3:c1x5:z:id,156849,0.19382781982421876,0.011392712593078613
16:16:16:16:8:8:32|id:id:dw3x3:d3r4:d3r2:c1x3,60913,0.176436448097229,0.011254382133483887
16:64:8:64:16:8:16|c1x1:id:z,9193,0.09559345245361328,0.0048501014709472655
16:32:8:32:64:16:64|d3r4:id:c1x5:c1x1:c1x5:d3r4,397321,1.1952375173568726,0.03008568286895752
32:64:8:16:8:32:32|d3r4:id:c1x1:c1x5:id:d3r4,224737,0.5007503032684326,0.014198207855224609
32:8:16:16:8:32:16|c1x1:c1x5:d3r2:z:dw3x3:c1x1,66017,0.32589590549468994,0.010992074012756347
32:64:16:16:64:32:32|c1x5:d3r2:z:d3r2:z:c1x1,344217,0.7177604913711548,0.026960206031799317
8:64:8:16:16:16:16|z:c1x1:c1x5,56713,0.07255260944366455,0.003641676902770996
8:8:8:8:16:16:64|dw3x3:c1x1:d3r2:z:c1x1:c1x3,86393,0.10136160850524903,0.006847953796386719
32:8:64:64:8:16:64|id:id:c1x1:c1x3:z:z,122465,0.12402639389038086,0.007450699806213379
16:64:16:8:64:32:16|id:c1x1:d3r4:d3r2:id:c1x1,193881,0.33332622051239014,0.016588592529296876
8:32:8:16:64:64:32|dw3x3:d3r2:dw3x3:c1x3:z:dw3x3,194225,0.432424521446228,0.026942968368530273
16:32:8:8:64:64:8|c1x3:c1x3:c1x3:d3r4:c1x3:id,309225,0.5655638694763183,0.039738702774047854
8:32:32:32:8:64:16|c1x3:d3r2:z:d3r2:dw3x3:z,181793,0.14869794845581055,0.009740281105041503
8:16:16:32:16:32:32|d3r4:id:c1x1:c1x1:d3r2:d3r2,126873,0.0950556755065918,0.007201862335205078
32:64:8:16:8:8:16|c1x5:dw3x3:dw3x3,65657,0.11523547172546386,0.009169650077819825
32:32:16:16:64:64:64|c1x3:z:c1x3:dw3x3:id:id,205009,0.4486452341079712,0.026353788375854493
64:32:64:16:8:8:64|c1x1:z:c1x3:id:c1x1:c1x1,136417,0.3147757053375244,0.01701521873474121
32:64:32:8:32:8:64|c1x3:c1x1:c1x3:d3r2:dw3x3:d3r2,345705,0.3471159219741821,0.02111339569091797
16:32:64:64:32:32:32|c1x1:d3r2:c1x3:z:z:dw3x3,237737,0.22051355838775635,0.011816930770874024
32:32:64:32:16:32:64|c1x1:dw3x3:z:dw3x3:c1x1:dw3x3,84265,0.3129526138305664,0.012041640281677247
16:32:64:16:16:64:8|d3r4:dw3x3:c1x3:z:dw3x3:z,159345,0.395964527130127,0.012658071517944337
32:64:32:32:16:32:16|c1x1:d3r4:dw3x3:z:dw3x3:d3r4,201961,0.5104249954223633,0.013429737091064453
16:8:8:8:8:16:32|d3r4:id:id:dw3x3:d3r2:c1x1,39521,0.16084675788879393,0.008317923545837403
32:32:16:16:32:32:16|c1x3:d3r2:c1x3:d3r2:c1x3:id,204921,0.6345555067062378,0.020866894721984865
64:8:8:32:32:32:8|d3r2:dw3x3:d3r2:c1x5:c1x5:c1x1,267945,1.012455987930298,0.03802633285522461
8:64:32:8:16:16:64|d3r2:c1x1:id:d3r4:z:id,150921,0.09182600975036621,0.004704952239990234
64:64:64:64:32:8:8|id:dw3x3:dw3x3:c1x5:c1x3:c1x3,432257,0.5555729389190673,0.03876252174377441
16:8:64:16:8:8:8|d3r2:c1x3:c1x1:c1x1:c1x3:d3r4,130337,0.10144321918487549,0.006994271278381347
64:8:8:8:16:64:8|c1x1:dw3x3:z:d3r2:c1x5:dw3x3,149649,0.4350552797317505,0.03072013854980469
32:8:16:8:32:8:64|id:id:d3r4:c1x3:z:dw3x3,109473,0.19020285606384277,0.012229537963867188
64:16:16:8:16:64:32|d3r2:d3r2:d3r4:d3r2:id:z,303081,0.34056332111358645,0.02594301700592041
8:16:32:64:8:8:8|d3r4:d3r2:c1x3,104161,0.036684393882751465,0.003675508499145508
32:32:64:32:32:64:32|c1x1:d3r2:c1x1:c1x3:id:c1x1,273145,0.27417902946472167,0.01703472137451172
16:16:64:32:16:32:16|c1x3:c1x5:c1x5:id:z:d3r2,256105,0.11733205318450927,0.011176228523254395
32:16:32:8:16:16:8|id:c1x3:z:c1x3:d3r4:c1x3,84777,0.17419035434722902,0.012877345085144043
8:32:32:32:8:16:64|c1x3:id:d3r2:dw3x3:id:c1x3,175465,0.08980560302734375,0.006473922729492187
16:16:8:64:32:16:64|id:z:d3r2:c1x3:c1x1:z,162937,0.09837093353271484,0.008988738059997559
32:32:8:16:32:8:64|d3r4:dw3x3:c1x5:c1x3:dw3x3:d3r4,249001,0.40891146659851074,0.02226712703704834
16:32:8:64:16:16:8|d3r4:c1x1:c1x5:c1x1:id:z,96361,0.2297762393951416,0.011274313926696778
64:8:8:16:16:16:16|d3r4:id:c1x3:id:z:z,68233,0.5873152732849121,0.016240692138671874
64:8:8:64:16:16:64|c1x3:d3r4:c1x1:dw3x3:c1x1:dw3x3,198321,0.8761563062667846,0.025560617446899414
64:16:32:8:8:16:32|dw3x3:c1x3:c1x5:z:c1x3:z,154017,0.9117461919784546,0.027248954772949217
32:64:64:32:64:16:32|c1x5:z:d3r2:id:id:z,313273,0.3613229513168335,0.020917296409606934
8:64:64:64:32:64:32|d3r2:dw3x3:d3r2,385633,0.14685049057006835,0.009878849983215332
16:32:8:8:32:64:8|c1x5:c1x1:dw3x3:d3r4:c1x1:d3r4,202577,0.23743741512298583,0.017714595794677733
8:32:8:32:16:8:16|c1x1:c1x5:c1x5:c1x3:dw3x3:c1x1,77393,0.08253245353698731,0.008276867866516113
8:8:8:8:16:64:32|d3r2:id:c1x5:dw3x3:c1x1:d3r4,164937,0.15952713489532472,0.012311053276062012
16:16:16:8:16:32:16|c1x1:dw3x3:dw3x3:d3r2:c1x1:id,40945,0.09835319519042969,0.007551407814025879
8:16:16:32:64:16:64|c1x5:z:d3r4:d3r4:c1x3:id,299577,0.3453256845474243,0.02494032382965088
16:8:8:64:8:32:16|c1x3:dw3x3:c1x5:z:c1x3:c1x1,133209,0.11037755012512207,0.00858924388885498
16:8:32:8:16:16:64|c1x3:id:c1x3:d3r4:c1x3:c1x1,163817,0.13597550392150878,0.010792398452758789
8:32:16:64:16:32:64|d3r2:dw3x3:c1x1:id:d3r4:d3r2,327953,0.1933870792388916,0.010272812843322755
16:32:32:64:8:8:16|dw3x3:c1x3:c1x5:dw3x3:id:z,124129,0.15549356937408448,0.009386229515075683
16:16:8:64:16:8:32|d3r4:c1x5:c1x1:d3r4:id:d3r2,186473,0.2680835723876953,0.010338592529296874
64:64:64:32:16:32:16|d3r2:z:d3r4:dw3x3:c1x5:z,453185,0.9957696676254273,0.02781689167022705
8:64:64:16:16:8:64|c1x3:c1x1:c1x5:c1x1:c1x1:d3r2,361769,0.29318263530731203,0.011812186241149903
32:32:8:32:16:8:8|c1x5:d3r4:d3r2:d3r2:z:d3r2,153353,0.40303807258605956,0.013884902000427246
16:8:32:64:16:8:8|id:d3r4:z:d3r2:c1x5:id,132521,0.18242335319519043,0.0076073408126831055
16:64:64:8:64:32:16|d3r4:c1x5:z:dw3x3:c1x3:d3r4,472937,0.49780275821685793,0.03234939575195313
64:64:8:16:16:16:8|id:id:d3r2:c1x3:d3r4:z,223657,0.4264256238937378,0.02046651840209961
64:16:64:64:8:16:8|dw3x3:d3r2:c1x5:d3r4:d3r2:id,417441,0.4024534225463867,0.028594303131103515
64:8:8:8:16:16:64|d3r4:dw3x3:z:d3r2:dw3x3:id,101985,0.3281910181045532,0.02023468017578125
16:16:8:32:32:16:64|dw3x3:d3r4:id:c1x5:c1x1:d3r4,193249,0.16708531379699706,0.013538932800292969
32:8:64:16:16:64:16|d3r2:z:dw3x3:d3r4:dw3x3:dw3x3,153441,0.4589184045791626,0.015983319282531737
32:16:16:16:32:32:64|dw3x3:c1x3:z:d3r4:c1x5:c1x5,291377,0.7775988340377807,0.023703837394714357
16:64:16:64:32:16:32|c1x3:c1x1:d3r2:dw3x3:c1x5:c1x1,301553,0.5116416931152343,0.017293477058410646
16:8:32:32:16:16:8|id:c1x5:d3r4:c1x1:d3r2:id,87529,0.20887773036956786,0.009074568748474121
64:8:8:16:64:32:8|c1x5:dw3x3:c1x5:z:c1x3:z,256297,0.898194432258606,0.04822111129760742
8:8:16:32:8:32:32|c1x1:z:id,4273,0.025215530395507814,0.0017041921615600585
16:16:32:64:16:8:32|c1x1:id:d3r2,76937,0.058284330368041995,0.0027073144912719725
32:32:16:16:64:64:64|dw3x3:d3r4:c1x1:c1x1:dw3x3:z,218353,0.4173563480377197,0.02343900203704834
32:16:32:32:16:8:8|d3r4:c1x3:c1x5:id:c1x5:d3r4,167593,0.17822210788726806,0.01665170192718506
8:32:64:32:64:8:16|c1x5:d3r4:id:c1x5:dw3x3:c1x5,368697,0.4514198303222656,0.03129453659057617
8:32:64:64:32:64:8|d3r2:d3r4:c1x5,369273,0.17843108177185057,0.013133406639099121
32:64:64:32:64:16:16|dw3x3:c1x5:dw3x3,183681,0.2863248109817505,0.02022531032562256
32:64:16:16:8:8:32|d3r2:c1x5:id:c1x5:id:d3r2,239329,0.1784579038619995,0.016086697578430176
16:8:32:32:16:16:32|id:d3r4:c1x1:c1x3:d3r2:c1x1,117129,0.0932173490524292,0.007203602790832519
16:8:8:64:32:16:16|d3r4:d3r4:c1x5:z:c1x5:z,183417,0.14843897819519042,0.013487815856933594
16:64:16:16:32:16:16|d3r2:z:dw3x3:id:c1x3:c1x1,105865,0.16791675090789795,0.011336803436279297
32:32:64:32:32:32:64|c1x3:c1x1:id:c1x3:id:id,199353,0.19269897937774658,0.012996244430541991
8:64:16:32:16:32:32|d3r2:c1x1:d3r4:c1x5:d3r2:d3r4,361113,0.23411593437194825,0.013370323181152343
16:16:32:8:8:64:16|c1x5:d3r4:c1x1:dw3x3:dw3x3:c1x5,175585,0.39528493881225585,0.018172430992126464
32:8:16:32:32:64:8|id:id:d3r4:c1x3:c1x1:z,127993,0.5153208255767823,0.013621854782104491
64:8:32:8:8:8:64|c1x5:c1x3:dw3x3:id:c1x1:dw3x3,157665,1.007349920272827,0.025470614433288574
64:64:16:16:64:16:16|dw3x3:d3r4:c1x5,266417,0.8952149629592896,0.030165934562683107
8:8:32:16:8:16:64|dw3x3:c1x1:c1x3:c1x1:id:c1x1,60425,0.1300105333328247,0.007759690284729004
16:32:8:32:8:8:64|id:d3r4:d3r4,106817,0.12372405529022217,0.006225466728210449
32:32:32:16:64:32:8|d3r4:z:id:id:c1x5:z,166185,0.5452986240386963,0.01895616054534912
64:16:16:64:16:16:16|c1x5:c1x5:c1x1:dw3x3:d3r2:c1x5,355441,0.643204665184021,0.0366173267364502
32:16:16:64:16:64:16|d3r2:z:d3r2:c1x5:c1x5:c1x1,356009,0.27223780155181887,0.020722508430480957
8:64:64:64:32:64:64|d3r2:id:d3r2:id:z:c1x5,698297,0.230674409866333,0.01693282127380371
16:8:16:8:64:32:16|c1x1:c1x5:d3r4:c1x3:d3r2:z,201433,0.3923747777938843,0.026252079010009765
8:8:64:32:8:32:64|c1x3:dw3x3:d3r2:id:id:d3r4,281145,0.09704329967498779,0.006615662574768066
8:32:64:16:8:32:32|c1x3:c1x5:d3r4:c1x1:c1x5:d3r4,350305,0.11511688232421875,0.012356758117675781
32:8:32:32:8:16:64|c1x1:c1x3:id:c1x1:c1x5:id,137697,0.12462050914764404,0.008983945846557618
64:64:16:64:16:32:32|c1x5:d3r2:c1x3:dw3x3:d3r4:d3r4,646481,0.6279997110366822,0.03847336769104004
32:32:8:16:64:64:32|d3r2:d3r2:d3r2:c1x5:c1x3:d3r4,631513,1.4622570991516113,0.04148941040039063
64:8:8:16:64:64:32|c1x5:z:dw3x3:c1x3:c1x1:z,244377,1.3481547832489014,0.0427987813949585
16:16:64:8:64:32:64|c1x5:c1x3:id:d3r2:c1x1:dw3x3,351825,0.5746744394302368,0.02911508083343506
64:64:16:32:64:64:8|c1x5:c1x1:c1x1:dw3x3:d3r2:c1x3,516329,0.8191633701324463,0.05264725685119629
16:64:32:32:64:64:64|c1x3:dw3x3:id:dw3x3:id:dw3x3,196505,0.3047005653381348,0.024793410301208497
32:16:64:8:16:64:8|d3r2:c1x5:c1x3:c1x3:d3r4:dw3x3,343449,0.2566521406173706,0.023513650894165038
32:64:32:32:32:8:64|c1x5:c1x5:d3r4:c1x5:z:c1x1,489785,0.42842278480529783,0.026082921028137206
32:8:64:16:16:32:32|c1x1:z:d3r4:id:d3r4:z,154521,0.23450043201446533,0.008371710777282715
64:16:8:8:8:32:32|id:c1x5:c1x1:c1x1:d3r4:c1x3,172625,0.8342867136001587,0.026504135131835936
32:8:32:64:8:64:8|id:c1x1:dw3x3:id:c1x1:c1x1,51193,0.3321946620941162,0.00988752841949463
8:8:16:8:32:16:16|id:c1x3:d3r2:id:d3r4:c1x3,64281,0.27509145736694335,0.011255311965942382
32:16:64:32:8:32:64|id:id:c1x5:c1x3:c1x3:d3r4,393201,0.37900054454803467,0.015998578071594237
16:32:8:8:64:16:32|d3r2:c1x5:c1x1:dw3x3:d3r4:dw3x3,182489,0.5480154752731323,0.025368809700012207
16:32:16:32:8:8:8|c1x3:c1x1:d3r2:c1x3:c1x1:z,63729,0.07669186592102051,0.006198740005493164
16:64:16:8:8:16:32|dw3x3:c1x1:d3r4:c1x3:c1x1:z,106849,0.12389748096466065,0.009226131439208984
16:16:64:16:32:8:32|d3r4:c1x5:c1x1:z:c1x1:dw3x3,145809,0.15949413776397706,0.010903239250183105
64:16:16:16:8:32:8|d3r2:dw3x3:d3r2:c1x5:c1x1:id,152161,0.29722933769226073,0.025086140632629393
8:16:16:16:16:32:16|d3r4:d3r4:c1x1:z:dw3x3:dw3x3,62409,0.07706537246704101,0.0063770532608032225
16:8:16:64:64:16:16|c1x1:d3r4:d3r2:c1x3:z:id,180073,0.2514293909072876,0.017767333984375
32:32:32:16:16:16:16|c1x1:c1x1:d3r2:d3r2:c1x5:c1x1,140585,0.13737785816192627,0.012788867950439453
32:32:8:64:16:16:8|c1x3:c1x5:z:d3r4:d3r4:c1x1,193225,0.16779875755310059,0.014479994773864746
32:16:8:16:16:64:8|c1x1:d3r2:c1x5:d3r4:c1x1:d3r2,204137,0.21239914894104003,0.01898624897003174
32:8:64:32:8:32:16|d3r2:c1x5:id:id:c1x3:id,173409,0.14982786178588867,0.011086606979370117
32:64:8:64:16:16:8|d3r2:c1x3:id,100809,0.08543741703033447,0.006649446487426758
64:8:32:32:16:32:8|id:d3r2:dw3x3:c1x5:z:c1x3,166697,0.5630363702774048,0.02716667652130127
64:64:32:32:64:8:32|d3r2:d3r4:d3r2:c1x1:z:z,428313,0.9126479148864746,0.03097536563873291
64:64:32:32:64:16:64|id:c1x1:id:dw3x3:d3r2:dw3x3,244321,0.8209120035171509,0.028098082542419432
64:64:16:64:16:64:8|dw3x3:id:c1x3:c1x5:d3r2:c1x3,543257,0.8429959535598754,0.04106884002685547
64:64:16:16:8:64:32|d3r4:c1x3:id:d3r4:id:c1x1,353969,0.43840579986572265,0.026140260696411132
16:16:8:16:64:8:32|c1x3:dw3x3:z,33769,0.14638123512268067,0.0093994140625
16:8:16:64:16:16:16|c1x3:z:id:id:c1x1:d3r4,86377,0.06602087020874023,0.0061316251754760746
16:16:8:8:64:8:16|c1x1:dw3x3:dw3x3:d3r4:d3r2:z,83241,0.2738972187042236,0.01705327033996582
64:8:32:16:8:8:16|d3r4:c1x5:z:z:d3r4:id,129441,0.2894172430038452,0.018606138229370118
8:32:16:16:8:32:32|c1x3:dw3x3:c1x5:d3r2:d3r2:d3r4,177513,0.10894334316253662,0.010114026069641114
8:8:64:64:64:16:32|id:id:d3r2:c1x3:d3r4:d3r2,460185,0.33868119716644285,0.02160465717315674
64:8:8:32:32:16:64|d3r4:z:d3r4:d3r4:z:c1x5,341305,0.42601757049560546,0.029909205436706544
32:8:32:32:64:8:16|dw3x3:z:dw3x3:z:c1x3:z,63721,0.2790029525756836,0.018697214126586915
16:8:16:64:16:32:32|d3r4:c1x1:z:d3r2:c1x5:d3r2,249161,0.16204264163970947,0.011001515388488769
32:8:64:64:8:32:8|dw3x3:z:c1x3:c1x5:c1x3:id,226353,0.2535733222961426,0.013671326637268066
16:16:16:16:8:64:32|dw3x3:d3r4:d3r4:z:d3r2:dw3x3,179505,0.29015154838562013,0.012154984474182128
16:8:8:64:64:32:16|c1x3:dw3x3:c1x5,155313,0.42448766231536866,0.01910429000854492
64:32:32:32:32:32:16|id:c1x5:c1x5:d3r4:id:c1x5,391833,0.965193247795105,0.04049839973449707
8:16:32:16:16:8:32|c1x1:c1x3:c1x3,41449,0.04643223285675049,0.0046013593673706055
16:16:32:32:16:16:32|c1x1:d3r4:dw3x3:z:c1x3:id,84297,0.10959062576293946,0.007783722877502441
64:16:32:16:16:32:32|c1x3:z:d3r2:c1x1:c1x1:d3r2,205865,0.4688196420669556,0.022361063957214357
64:64:16:32:32:32:64|c1x5:id:id:c1x5:d3r4:d3r2,617145,0.5894537210464478,0.03632607460021973
32:16:16:64:64:16:8|c1x1:dw3x3:d3r2:d3r4:dw3x3:d3r4,265201,0.39274461269378663,0.02546272277832031
64:64:8:8:16:64:32|id:id:d3r4:d3r2:d3r2:c1x3,475817,0.49155707359313966,0.02917203903198242
64:32:64:8:64:64:32|d3r2:d3r2:d3r4:c1x5:d3r2:z,882873,0.8377278327941895,0.05149288177490234
64:16:64:32:64:32:64|c1x5:d3r4:c1x1:d3r2:c1x5:c1x3,864825,0.9487186908721924,0.06295831203460693
64:8:8:32:8:16:8|dw3x3:c1x5:d3r4,97473,0.2904240369796753,0.016462039947509766
16:16:16:32:8:32:8|c1x5:c1x5:z:d3r2:c1x1:dw3x3,89441,0.16810765266418456,0.01064286231994629
32:32:64:8:64:64:8|id:id:c1x3:z:c1x1:d3r4,257945,0.6547794818878174,0.022206449508666994
16:8:16:8:32:32:32|c1x3:d3r4:d3r2:c1x5:id:c1x5,172281,0.3280396699905396,0.016953492164611818
8:32:64:8:16:64:16|d3r4:d3r4:id:d3r4:d3r2:c1x3,373353,0.38706369400024415,0.014818668365478516
64:16:8:16:64:16:8|dw3x3:c1x3:c1x3:d3r4:dw3x3:c1x1,204281,1.2389436483383178,0.04426109790802002
16:16:32:8:32:8:64|c1x3:c1x5:d3r2:id:dw3x3:c1x3,213161,0.18077213764190675,0.015365886688232421
8:64:32:64:32:32:8|d3r2:dw3x3:c1x3:z:c1x5:c1x1,290265,0.21824357509613038,0.015868258476257325
8:64:8:8:8:8:32|dw3x3:id:d3r2:id:c1x3:c1x1,97865,0.11354663372039794,0.005566120147705078
64:64:32:64:8:32:32|c1x3:c1x5:id:dw3x3:c1x1:id,287113,0.39328105449676515,0.027913641929626466
16:16:64:16:16:8:8|id:c1x3:dw3x3:dw3x3:c1x1:dw3x3,55985,0.07703144550323486,0.006856966018676758
32:16:16:32:32:32:8|c1x3:d3r4:d3r4:c1x5:dw3x3:c1x3,197297,0.30588417053222655,0.022905445098876952
8:32:16:8:8:16:32|c1x5:dw3x3:c1x1:id:d3r2:z,64705,0.058554553985595705,0.005221366882324219
8:8:16:32:16:8:16|d3r2:c1x5:d3r2:z:c1x1:dw3x3,61809,0.06239018440246582,0.005785393714904785
64:16:16:32:64:16:8|d3r4:dw3x3:c1x5,186585,0.42431824207305907,0.027007913589477538
8:8:32:32:32:32:64|c1x3:c1x5:d3r4:id:d3r2:z,295481,0.1738821744918823,0.013552260398864747
16:16:16:32:16:32:8|c1x5:z:dw3x3:d3r4:d3r2:z,92737,0.10121245384216308,0.008385539054870605
16:16:64:64:64:32:16|dw3x3:z:d3r2:id:c1x1:c1x5,305201,0.592249059677124,0.022030186653137208
8:16:8:32:16:32:64|dw3x3:z:d3r4:id:d3r2:c1x3,179089,0.18883931636810303,0.00867600440979004
16:8:64:64:16:8:64|c1x1:z:c1x1:c1x1:dw3x3:c1x5,188313,0.1539095163345337,0.007851672172546387
32:32:64:16:32:16:32|c1x5:c1x3:c1x1:c1x1:c1x3:d3r2,298297,0.4084837198257446,0.020824551582336426
32:8:16:8:32:32:16|c1x1:d3r2:d3r4:c1x1:d3r4:id,112025,0.34908835887908934,0.013337516784667968
32:16:16:32:8:64:8|d3r4:d3r4:c1x1:c1x5:d3r4:d3r4,262529,0.4329365730285645,0.01943647861480713
32:8:16:16:8:16:16|c1x1:id:c1x5:c1x1:d3r2:id,48833,0.13949165344238282,0.008440923690795899
16:8:16:16:64:16:8|id:d3r4:z:d3r4:z:c1x5,114073,0.2798738956451416,0.018050670623779297
64:32:64:32:32:32:64|c1x5:d3r4:d3r4:d3r4:c1x3:d3r4,916089,0.7083791494369507,0.04349873065948486
8:8:64:32:32:16:64|id:d3r4:c1x3:id:id:z,183225,0.08694193363189698,0.006418538093566894
16:64:16:8:64:64:8|c1x5:d3r4:id:c1x1:d3r2:c1x5,497145,0.4939527988433838,0.035056352615356445
8:16:16:16:64:32:64|id:dw3x3:c1x1:c1x3:c1x5:c1x1,194481,0.3509195804595947,0.026189398765563966
64:32:16:16:16:16:8|d3r2:dw3x3:d3r4:id:z:id,119721,0.2541452407836914,0.016717958450317382
32:64:8:32:16:64:32|d3r2:d3r4:d3r4:d3r4:c1x5:c1x3,618537,0.36802408695220945,0.027671957015991212
8:32:16:8:32:32:64|c1x1:c1x1:d3r2:dw3x3:d3r4:id,160537,0.14820396900177002,0.009903764724731446
16:32:32:8:64:8:64|d3r2:id:d3r4,163481,0.17968425750732422,0.010254263877868652
64:8:32:32:8:64:64|id:c1x3:id,87585,0.2500824689865112,0.011294078826904298
8:64:16:8:64:16:8|dw3x3:id:c1x1:d3r2:c1x1:c1x5,161681,0.6062349796295166,0.022092986106872558
8:8:16:64:16:16:32|d3r2:c1x5:d3r2:c1x1:c1x3:c1x1,201961,0.16166536808013915,0.009551191329956054
8:64:64:16:32:8:32|d3r2:dw3x3:c1x1:c1x3:c1x3:c1x5,343625,0.32438101768493655,0.017243623733520508
8:32:8:16:32:64:8|c1x1:z:d3r2:c1x1:c1x5:c1x5,205161,0.2995229482650757,0.01686074733734131
32:64:32:64:32:8:16|id:d3r2:d3r4,203929,0.2236051082611084,0.007980060577392579
32:8:8:16:16:32:64|id:c1x1:c1x5:d3r2:z:z,130537,0.2218553066253662,0.011561369895935059
16:8:16:8:32:8:32|dw3x3:c1x1:c1x3:d3r4:c1x1:c1x1,51089,0.1980334997177124,0.010776758193969727
8:8:8:8:16:8:32|c1x1:dw3x3:c1x5:d3r4:c1x5:c1x3,59009,0.1678914785385132,0.009744548797607422
8:32:64:32:16:16:64|c1x1:d3r2:d3r4:id:z:dw3x3,249425,0.12686598300933838,0.006613302230834961
8:64:64:32:16:8:16|d3r4:d3r4:dw3x3,177817,0.12362396717071533,0.005817675590515136
64:32:32:16:8:16:64|c1x1:d3r4:c1x5:c1x1:d3r2:d3r2,408977,0.602297019958496,0.027825212478637694
32:64:8:32:32:32:64|dw3x3:dw3x3:c1x3:z:id:z,106089,0.18036530017852784,0.01435537338256836
8:16:8:64:64:8:64|dw3x3:id:z,16633,0.08177859783172607,0.005352544784545899
16:32:8:64:64:64:64|d3r2:c1x1:c1x1:c1x5:d3r4:id,529017,0.44464452266693116,0.026722931861877443
8:32:8:8:64:64:16|c1x3:id:d3r2:c1x5:dw3x3:c1x3,313889,0.5050715208053589,0.03368408679962158
16:32:8:32:8:32:32|c1x5:d3r4:z:dw3x3:c1x3:z,126201,0.09324362277984619,0.009541773796081543
16:8:16:8:32:32:16|c1x3:c1x5:dw3x3,54649,0.11120960712432862,0.008693742752075195
32:16:64:8:32:64:16|c1x3:dw3x3:c1x5:c1x5:c1x5:c1x5,496297,0.4099265575408936,0.036771178245544434
8:32:32:32:64:16:64|dw3x3:d3r2:c1x1:z:c1x3:d3r4,286209,0.5108495235443116,0.021230483055114747
32:32:16:64:32:16:32|d3r2:z:d3r2:dw3x3:dw3x3:d3r2,251633,0.40270681381225587,0.01586318016052246
64:16:8:16:32:64:64|d3r4:c1x5:dw3x3:z:id:d3r2,389073,0.8803718090057373,0.031313109397888186
16:32:64:8:64:32:64|d3r4:c1x3:dw3x3:id:d3r4:c1x1,392593,0.6751967430114746,0.024187040328979493
16:8:32:32:8:32:16|dw3x3:c1x3:id:id:d3r2:c1x1,69129,0.08223702907562255,0.006134533882141113
32:8:8:32:8:64:32|c1x1:d3r4:d3r4:c1x1:dw3x3:z,137033,0.16467547416687012,0.012260866165161134
16:32:8:8:32:8:8|id:dw3x3:z:d3r4:c1x3:c1x5,67593,0.12879297733306885,0.011243891716003419
32:32:32:64:8:16:64|id:d3r2:d3r2:z:c1x1:d3r4,344289,0.12249767780303955,0.010874342918395997
8:8:64:8:8:32:16|d3r2:c1x5:c1x3:d3r4:c1x5:c1x1,204609,0.09825868606567383,0.010715508460998535
8:64:32:8:16:32:16|d3r4:c1x1:c1x5:c1x1:z:d3r2,205033,0.11633665561676025,0.009288311004638672
8:8:32:16:16:16:8|c1x3:c1x1:d3r2:c1x1:c1x1:id,36745,0.06427991390228271,0.005610251426696777
8:64:16:32:8:64:16|d3r4:c1x5:z:c1x3:c1x5:c1x3,386177,0.21032631397247314,0.019583988189697265
8:64:8:16:16:8:8|c1x5:d3r2:c1x1,61673,0.06279909610748291,0.004655790328979492
64:16:8:16:16:8:8|c1x3:c1x5:d3r4:d3r2:c1x1:z,149593,0.3787365913391113,0.02817082405090332
8:8:8:64:32:16:8|c1x1:c1x5:z:c1x3:c1x5:z,124249,0.12588880062103272,0.010207509994506836
16:32:8:16:64:64:32|d3r2:d3r2:c1x1:c1x3:d3r2:id,374713,0.46564550399780275,0.026242852210998535
64:64:64:8:32:8:64|id:dw3x3:z,31089,0.21300790309906006,0.008495712280273437
32:64:32:16:32:16:32|d3r2:c1x1:dw3x3:d3r4:dw3x3:z,203769,0.3992588520050049,0.015503668785095214
8:8:16:64:8:8:16|id:c1x5:c1x3:d3r2:c1x5:c1x3,176801,0.10794198513031006,0.009177613258361816
32:16:64:8:32:8:8|c1x3:dw3x3:c1x3:c1x1:id:c1x3,125753,0.2967890977859497,0.015938401222229004
32:8:64:32:64:64:16|d3r2:c1x5:z:d3r4:c1x3:c1x1,462569,0.7894140720367432,0.03405406475067139
16:16:32:32:8:16:8|c1x3:c1x5:d3r4:d3r2:c1x3:c1x1,125281,0.15079748630523682,0.010143065452575683
32:64:16:64:16:16:64|d3r4:c1x3:c1x1:d3r4:c1x5:id,459081,0.41418330669403075,0.018128633499145508
32:8:16:8:64:8:32|dw3x3:d3r2:z:d3r2:id:c1x5,153169,0.32462248802185056,0.02361586093902588
16:64:8:64:16:64:8|d3r2:c1x5:c1x1:id:dw3x3:c1x5,355001,0.22356963157653809,0.01853182315826416
32:32:8:64:8:64:16|dw3x3:d3r4:id:c1x3:dw3x3:id,141033,0.2506216287612915,0.01541602611541748
16:64:8:64:32:64:64|d3r2:c1x5:dw3x3:d3r4:dw3x3:d3r2,697081,0.35110156536102294,0.024937963485717772
32:32:64:64:8:16:8|d3r4:dw3x3:dw3x3:c1x5:dw3x3:c1x3,291073,0.18717529773712158,0.016641902923583984
64:8:32:16:16:16:8|d3r4:c1x5:dw3x3:dw3x3:d3r4:id,151689,0.3612829208374023,0.02590615749359131
32:64:64:64:8:32:8|c1x1:z:id:d3r4:c1x3:d3r2,363137,0.15849738121032714,0.012407898902893066
16:8:32:8:16:32:8|id:c1x5:dw3x3:c1x3:z:dw3x3,52537,0.07765684127807618,0.008395838737487792
8:16:16:32:16:32:8|c1x1:c1x1:id:z:d3r4:c1x1,36073,0.051431894302368164,0.0034943103790283205
32:16:16:8:32:64:32|d3r2:c1x5:z:c1x3:id:z,201161,0.2306171178817749,0.019060611724853516
64:64:64:16:64:64:16|id:c1x1:c1x5:c1x1:c1x5:c1x1,510681,0.7837233304977417,0.05087268352508545
16:32:8:8:64:32:32|c1x1:c1x5:id:id:d3r4:c1x5,229785,0.6686845064163208,0.026464414596557618
64:32:64:16:32:32:8|c1x1:id:c1x5:c1x1:c1x3:z,220313,0.786896538734436,0.02782914638519287
8:64:16:16:8:32:8|d3r2:c1x5:c1x1:c1x5:d3r4:d3r4,261409,0.34003946781158445,0.013759899139404296
8:16:8:32:16:16:32|z:c1x3:id,18473,0.0466231107711792,0.004143571853637696
8:32:32:32:8:64:64|d3r4:z:dw3x3:id:dw3x3:dw3x3,168305,0.24379279613494872,0.009299302101135254
16:8:32:64:8:8:64|c1x1:d3r2:c1x1:id:c1x3:d3r2,261313,0.13120744228363038,0.007709789276123047
64:8:64:8:64:32:64|d3r4:z:c1x5:z:id:z,313273,0.6352805852890014,0.0287750244140625
32:8:8:8:64:64:64|d3r4:c1x3:z,191145,0.3252878189086914,0.01671152114868164
64:8:64:16:16:64:64|c1x3:id:dw3x3:dw3x3:d3r4:d3r2,454937,0.5231076240539551,0.03089284896850586
8:8:8:8:64:16:16|dw3x3:dw3x3:d3r2:id:c1x3:dw3x3,89177,0.28914384841918944,0.019998693466186525
16:64:64:16:16:16:16|c1x1:c1x5:c1x3:c1x1:d3r4:id,257865,0.11300747394561768,0.010861015319824219
8:8:64:64:64:32:16|d3r2:d3r2:z,183193,0.13295602798461914,0.008233404159545899
16:8:64:64:16:64:32|c1x1:id:c1x1:c1x3:c1x3:c1x5,341993,0.19017319679260253,0.014524245262145996
64:32:8:16:16:64:64|id:c1x3:dw3x3:c1x5:id:c1x3,328545,0.5149083614349366,0.034314084053039554
16:8:64:8:32:16:16|d3r4:c1x5:dw3x3:id:c1x1:z,101849,0.11959412097930908,0.010016560554504395
64:64:64:16:32:8:8|c1x3:z:c1x1:c1x1:c1x3:dw3x3,209657,0.4731892108917236,0.030096840858459473
16:16:64:16:32:32:64|d3r2:id:d3r2:d3r2:d3r2:c1x1,432729,0.17425036430358887,0.014429998397827149
32:8:32:8:32:16:32|c1x3:dw3x3:id:z:dw3x3:dw3x3,46793,0.17781386375427247,0.012798762321472168
32:64:64:8:64:64:64|dw3x3:d3r2:d3r2:c1x5:c1x3:d3r4,1023401,1.4599593162536622,0.04640958309173584
64:16:16:64:32:32:8|c1x3:dw3x3:dw3x3:id:d3r4:d3r4,281905,1.1356889009475708,0.028770065307617186
32:8:16:16:64:64:8|c1x1:c1x1:z:id:c1x3:c1x5,185049,0.8413541078567505,0.03019554615020752
8:16:32:16:64:8:16|c1x3:c1x5:dw3x3:c1x3:c1x1:c1x3,155001,0.44327707290649415,0.030220580101013184
16:32:16:32:8:64:8|c1x1:d3r4:c1x5:c1x3:z:c1x1,165761,0.19374547004699708,0.013166213035583496
64:32:32:16:8:32:16|c1x3:z:c1x1:c1x1:c1x3:dw3x3,118553,0.37406904697418214,0.023987364768981934
32:32:8:64:64:64:32|dw3x3:dw3x3:z:z:d3r2:id,175545,0.3382102489471436,0.020992159843444824
8:8:32:8:32:64:32|dw3x3:d3r2:z:z:id:c1x1,78297,0.2280268669128418,0.009429335594177246
8:16:8:16:64:8:64|d3r2:c1x3:c1x1:z:id:c1x5,170681,0.7226376056671142,0.02384781837463379
32:8:8:64:16:32:16|d3r2:dw3x3:z:z:id:d3r2,104481,0.2880682468414307,0.009572100639343262
16:16:32:8:32:32:32|d3r2:c1x3:dw3x3:c1x5:id:z,139265,0.4225705862045288,0.01421198844909668
32:64:16:64:8:16:32|c1x1:d3r4:d3r4:dw3x3:id:c1x3,265369,0.4549111366271973,0.013776326179504394
16:16:64:64:16:8:16|c1x1:dw3x3:id:id:c1x3:c1x3,136681,0.07578530311584472,0.007740092277526855
16:8:64:8:8:8:32|dw3x3:c1x5:id:id:dw3x3:dw3x3,74313,0.08843016624450684,0.006697893142700195
64:16:8:8:32:8:64|c1x3:d3r2:c1x3:c1x5:d3r2:z,322425,0.47877256870269774,0.036151790618896486
16:32:32:32:8:16:8|d3r2:c1x5:c1x1:dw3x3:d3r4:c1x1,124961,0.10178599357604981,0.008576607704162598
64:8:64:32:16:16:32|id:id:id:z:z:c1x3,83081,0.19558227062225342,0.012572622299194336
8:8:64:64:8:32:64|c1x3:dw3x3:c1x5:c1x5:c1x1:d3r2,525593,0.1362163782119751,0.010852193832397461
16:32:16:16:32:64:32|c1x5:c1x1:z:id:c1x5:c1x5,259673,0.2724475383758545,0.020184826850891114
8:16:8:64:16:64:64|c1x5:z:c1x5:c1x5:id:c1x5,508905,0.1773223876953125,0.01757960319519043
32:16:32:16:16:16:8|c1x5:dw3x3:dw3x3:id:dw3x3:c1x5,82937,0.2203751564025879,0.01539599895477295
64:64:8:16:64:32:32|dw3x3:c1x1:c1x3:dw3x3:dw3x3:c1x1,176017,0.6954803705215454,0.04070584774017334
32:64:8:64:16:32:64|id:d3r4:c1x5:d3r4:c1x3:c1x1,501241,0.6222851276397705,0.0208071231842041
64:32:8:64:8:32:64|dw3x3:c1x5:d3r2:d3r4:c1x3:c1x5,618937,1.3414940357208252,0.041135191917419434
8:8:16:32:8:16:8|z:c1x5:c1x1,19425,0.06572890281677246,0.006869292259216309
64:16:16:8:16:64:64|c1x5:dw3x3:c1x3:c1x3:c1x5:c1x5,550281,1.5928268671035766,0.0520017147064209
64:64:32:32:64:16:32|id:dw3x3:c1x1:c1x1:d3r2:id,206449,0.4684828519821167,0.025673961639404295
16:16:32:8:64:64:8|c1x5:dw3x3:c1x5:d3r2:c1x3:dw3x3,346465,0.5598715305328369,0.04030411243438721
16:8:32:8:64:32:32|id:dw3x3:dw3x3:z:z:c1x5,101017,0.2965712547302246,0.019472455978393553
32:32:32:8:16:8:8|z:id:z,1897,0.050356483459472655,0.0016615629196166993
16:16:16:16:32:32:64|d3r2:z:dw3x3:c1x1:c1x1:d3r2,153017,0.1483236789703369,0.011035943031311035
16:64:64:64:32:32:16|id:d3r4:c1x5:d3r4:c1x3:dw3x3,545241,0.2749226808547974,0.020146703720092772
16:8:32:8:16:64:32|d3r4:id:id:c1x5:c1x1:d3r4,191945,0.16615867614746094,0.010336065292358398
64:16:32:16:32:32:8|c1x5:c1x5:c1x1:c1x3:dw3x3:dw3x3,219417,0.7485198020935059,0.03923423290252685
32:64:32:8:64:32:32|id:id:z:c1x5:c1x5:d3r2,382441,1.1725454568862914,0.032872796058654785
32:8:32:16:32:16:32|c1x1:c1x5:c1x5:c1x1:id:c1x5,154553,0.390976619720459,0.01978139877319336
64:8:64:32:64:8:64|dw3x3:id:z:c1x3:d3r4:c1x1,309177,1.249839687347412,0.03142397403717041
32:64:16:64:16:8:64|d3r2:c1x5:c1x5,366969,0.3484005928039551,0.0141221284866333
32:8:8:16:32:32:64|c1x1:d3r2:z:id:d3r2:id,141689,0.3050299406051636,0.011308741569519044
8:32:8:32:16:64:16|id:dw3x3:c1x5:dw3x3:c1x5:c1x1,165945,0.27249717712402344,0.014357566833496094
8:64:64:32:32:64:16|c1x5:z:id,152921,0.11510691642761231,0.0066146373748779295
64:32:64:32:64:32:32|c1x1:d3r2:id:id:d3r2:c1x5,511769,0.6158987283706665,0.037130212783813475
32:16:32:64:32:32:64|c1x3:c1x3:c1x3,238393,0.20279343128204347,0.01346731185913086
32:16:16:8:16:16:64|c1x1:c1x5:c1x1,67113,0.08881218433380127,0.006490898132324219
64:32:64:8:32:8:16|c1x1:d3r4:id:c1x3:c1x1:id,161337,0.35188119411468505,0.020464539527893066
8:64:64:64:32:8:16|c1x1:d3r2:c1x1:c1x3:c1x1:z,227257,0.12029659748077393,0.008954405784606934
8:32:32:32:16:8:64|c1x5:dw3x3:c1x5:c1x5:c1x5:d3r4,383145,0.1344653606414795,0.015310931205749511
8:8:32:8:8:16:64|c1x1:dw3x3:c1x5:c1x3:c1x3:c1x3,168225,0.08451187610626221,0.008043646812438965
16:64:32:64:16:16:32|dw3x3:dw3x3:c1x1:id:c1x1:id,61337,0.10647239685058593,0.006939387321472168
64:16:16:8:8:64:8|d3r4:c1x1:c1x1:d3r2:c1x5:c1x1,198193,1.1247614860534667,0.02984936237335205
64:8:32:32:8:64:16|z:dw3x3:d3r4,105449,0.47490382194519043,0.011762666702270507
32:64:16:32:8:8:8|d3r4:d3r4:d3r4:d3r4:z:c1x1,205937,0.4279000997543335,0.013611555099487305
16:32:32:8:8:16:64|d3r4:dw3x3:z,65825,0.04738991260528565,0.004644775390625
64:64:32:32:8:8:64|dw3x3:c1x1:z:dw3x3:d3r4:id,180353,0.2587321996688843,0.0182065486907959
64:8:32:64:16:64:8|c1x5:z:c1x1:c1x5:dw3x3:d3r2,365289,0.4147700548171997,0.03187713623046875
64:32:64:64:8:32:16|c1x5:dw3x3:c1x3:dw3x3:c1x1:c1x3,368257,0.47404892444610597,0.03442740440368652
32:64:64:8:16:64:8|id:c1x5:c1x1,161513,0.12626099586486816,0.008091259002685546
8:8:16:8:8:8:8|d3r4:id:c1x1:id:c1x3:id,13985,0.03010857105255127,0.0038676738739013674
16:64:32:8:8:8:32|c1x1:d3r4:d3r2:c1x1:d3r4:c1x1,190017,0.10841531753540039,0.00909435749053955
16:32:8:16:8:32:64|d3r2:c1x3:d3r4:c1x1:c1x3:z,202881,0.10314633846282958,0.00980074405670166
8:16:64:16:64:8:8|id:z:dw3x3:id:d3r2:id,99569,0.18492960929870605,0.010944557189941407
32:16:8:8:16:32:64|d3r4:z:c1x3,91977,0.0919651746749878,0.0075858116149902345
8:64:16:64:16:32:32|dw3x3:d3r4:z:z:dw3x3:id,106169,0.08671226501464843,0.00785219669342041
64:16:16:8:64:16:32|d3r4:c1x3:z:c1x3:c1x1:c1x1,212201,0.5261170864105225,0.03828835487365723
8:64:8:16:64:32:16|dw3x3:id:c1x5,115425,0.19860825538635254,0.014425277709960938
16:16:32:32:16:16:64|d3r4:c1x1:d3r2:dw3x3:d3r4:c1x3,262945,0.09897346496582031,0.009949684143066406
16:64:16:8:8:16:16|c1x5:dw3x3:c1x1:dw3x3:d3r4:d3r2,161953,0.10783820152282715,0.010004997253417969
8:64:16:64:16:16:16|c1x3:d3r4:c1x5,189561,0.07348301410675048,0.007148218154907226
16:32:16:8:32:8:8|c1x5:c1x5:d3r4:c1x1:c1x3:d3r2,124009,0.1639568328857422,0.016436219215393066
16:64:64:64:32:32:64|c1x3:d3r4:dw3x3:d3r4:dw3x3:dw3x3,612553,0.2827160120010376,0.019103097915649413
16:64:16:32:32:32:16|dw3x3:z:c1x5:z:d3r2:c1x3,211089,0.1640716552734375,0.014988327026367187
32:32:8:16:16:16:16|c1x3:id:c1x3:d3r2:c1x3:d3r2,123113,0.17586538791656495,0.015564322471618652
8:16:32:64:8:8:16|c1x1:d3r4:d3r2:z:dw3x3:d3r2,160361,0.04725964069366455,0.004408740997314453
16:64:32:8:16:16:16|c1x1:d3r4:dw3x3:d3r4:dw3x3:dw3x3,137153,0.11301755905151367,0.01157848834991455
64:16:32:32:64:32:16|c1x3:z:c1x1:c1x1:d3r2:d3r2,307353,0.5894901037216187,0.03802752494812012
64:16:32:8:16:16:16|dw3x3:z:c1x1:c1x1:dw3x3:c1x1,33841,0.23348002433776854,0.017218637466430663
16:64:8:8:8:16:64|c1x1:z:d3r4,85953,0.04805812835693359,0.002841281890869141
32:8:16:32:8:64:32|d3r2:c1x3:c1x1:z:z:dw3x3,113697,0.13934009075164794,0.012447857856750488
64:64:8:32:16:8:16|c1x1:z:c1x3,68297,0.14044387340545655,0.011454558372497559
16:64:64:8:32:64:64|c1x1:c1x1:d3r2:c1x1:d3r2:c1x3,493321,0.22324955463409424,0.017363595962524413
64:8:16:64:8:64:16|c1x5:c1x5:dw3x3:dw3x3:d3r2:c1x1,346713,0.4386878967285156,0.03536984920501709
16:32:8:16:16:16:16|d3r4:dw3x3:c1x1:c1x3:c1x3:d3r4,83473,0.12500855922698975,0.009949326515197754
16:16:64:32:8:16:16|z:id:c1x3,43521,0.02724926471710205,0.002311229705810547
32:32:16:64:16:8:32|dw3x3:d3r2:dw3x3:c1x3:d3r2:dw3x3,202233,0.1298840284347534,0.01530616283416748
16:16:32:32:64:16:32|c1x1:c1x5:dw3x3:dw3x3:z:c1x3,149601,0.27836692333221436,0.026639389991760253
16:64:64:16:32:16:32|dw3x3:z:c1x3:d3r2:c1x3:d3r4,351809,0.1828996419906616,0.016958999633789062
64:8:16:64:64:16:8|d3r2:c1x1:id,83033,0.1458529233932495,0.012170171737670899
64:16:32:64:32:64:32|c1x3:d3r4:c1x1:c1x5:c1x1:id,404249,0.44040191173553467,0.03758635520935059
16:16:16:32:64:16:64|c1x1:d3r2:id:d3r2:z:z,144985,0.14243566989898682,0.012217497825622559
16:64:8:16:16:8:32|dw3x3:d3r4:z:c1x3:id:c1x3,106585,0.09381701946258544,0.009114694595336915
8:32:16:8:8:16:16|d3r2:d3r4:id:c1x3:d3r2:id,73329,0.07437453269958497,0.007588815689086914
16:8:32:8:64:64:32|c1x5:d3r4:id:z:id:dw3x3,203897,0.2679117441177368,0.021257758140563965
64:32:32:8:32:32:8|c1x5:d3r2:d3r2,237433,0.3027451515197754,0.021558690071105956
64:16:16:16:8:64:8|c1x1:z:dw3x3:c1x3:c1x3:id,114465,0.3322993278503418,0.023738527297973634
32:64:8:32:16:64:16|dw3x3:c1x3:d3r2:dw3x3:id:d3r2,287769,0.26228885650634765,0.019785022735595702
16:32:64:16:32:32:8|c1x5:c1x1:dw3x3:d3r2:id:d3r2,228001,0.16319129467010499,0.013221526145935058
8:16:16:32:8:32:8|d3r4:z:c1x1:c1x5:c1x3:z,68609,0.08162920475006104,0.00639033317565918
32:32:32:16:8:8:16|dw3x3:d3r4:z:z:c1x5:d3r2,117105,0.128792405128479,0.011941909790039062
32:8:8:8:8:64:32|c1x3:dw3x3:z:d3r4:c1x5:c1x5,209969,0.2412189483642578,0.021460795402526857
8:16:16:16:32:32:8|c1x5:d3r4:d3r2:c1x5:c1x3:d3r2,159673,0.20934529304504396,0.017199039459228516
16:32:8:16:16:16:8|c1x3:d3r4:c1x5:z:c1x3:z,71433,0.10750949382781982,0.008729195594787598
32:64:32:16:16:32:16|id:dw3x3:id:d3r4:dw3x3:c1x3,163937,0.2094015121459961,0.014643430709838867
64:16:32:8:32:16:64|z:dw3x3:dw3x3,25537,0.19663658142089843,0.011013293266296386
32:8:8:16:16:32:8|id:d3r2:z:id:dw3x3:d3r4,56049,0.10080094337463379,0.009224534034729004
64:8:32:8:16:32:64|c1x3:c1x1:c1x5:c1x1:dw3x3:c1x1,204745,0.3854489326477051,0.02850077152252197
32:32:16:32:32:16:64|c1x1:d3r4:c1x1:c1x1:dw3x3:z,114713,0.16895849704742433,0.011958074569702149
32:32:16:8:8:16:16|id:id:c1x3:c1x5:c1x3:id,73825,0.16436121463775635,0.01163949966430664
16:64:32:32:32:8:64|c1x5:d3r4:d3r4,305849,0.2974846363067627,0.011272215843200683
16:8:16:32:16:64:8|d3r2:d3r4:d3r4:d3r4:d3r4:z,206761,0.4251479387283325,0.014724111557006836
16:8:64:64:64:8:64|c1x3:dw3x3:d3r4:dw3x3:c1x5:z,454681,0.7161437273025513,0.026940155029296874
32:8:64:8:8:64:64|z:id:c1x5,147649,0.15620365142822265,0.008231234550476075
32:8:32:8:8:32:64|c1x5:c1x5:z:c1x1:c1x3:dw3x3,200217,0.3363901138305664,0.01586911678314209
32:16:16:32:64:16:16|d3r4:dw3x3:c1x5:c1x5:c1x5:id,272545,0.9605711698532104,0.038038325309753415
64:64:8:64:16:16:8|c1x5:c1x1:c1x1:dw3x3:c1x1:c1x3,235801,0.8943206310272217,0.030966520309448242
64:32:8:8:32:16:64|c1x1:c1x1:c1x1:c1x1:dw3x3:d3r4,145689,0.3816222667694092,0.021729683876037596
64:64:16:8:16:32:16|d3r4:d3r2:id:d3r2:d3r4:c1x1,379225,0.3474589824676514,0.025429248809814453
16:64:64:64:8:32:32|c1x5:d3r2:z:d3r2:c1x3:d3r4,685745,0.16030731201171874,0.01553046703338623
32:64:8:64:16:64:32|c1x5:d3r4:d3r2:c1x5:z:d3r4,667321,0.317152738571167,0.025525689125061035
8:16:8:64:16:64:64|d3r4:d3r4:z:id:c1x5:dw3x3,369337,0.16188218593597412,0.014027810096740723
64:32:8:64:32:32:64|c1x5:z:c1x5,304249,0.3073688745498657,0.02366178035736084
8:32:32:16:64:16:8|c1x1:d3r4:d3r4:c1x5:c1x3:d3r4,265945,0.447877025604248,0.02773432731628418
64:8:16:64:16:32:8|d3r4:c1x3:c1x3:d3r2:z:c1x5,292841,1.1112582683563232,0.035267972946166994
64:8:16:32:8:16:64|c1x1:c1x1:dw3x3:d3r4:c1x1:dw3x3,107713,0.5913571834564209,0.02008349895477295
64:32:8:32:16:32:64|id:id:dw3x3:c1x1:d3r4:z,150385,0.6306732416152954,0.01563279628753662
16:32:64:64:32:32:8|c1x3:d3r4:d3r2:d3r2:z:id,364713,0.3322568416595459,0.012752628326416016
16:16:32:16:8:8:32|d3r4:c1x3:c1x5:c1x1:d3r2:z,112417,0.07246201038360596,0.007369279861450195
64:64:16:8:64:8:8|dw3x3:c1x1:c1x3,103577,0.2699270486831665,0.02221834659576416
8:32:64:8:64:8:16|dw3x3:c1x5:c1x3:d3r4:dw3x3:c1x5,301993,0.3774335145950317,0.0322634220123291
16:16:32:32:32:8:16|d3r2:d3r2:z:d3r2:d3r4:c1x5,183257,0.17535176277160644,0.012807917594909669
32:32:64:32:32:64:16|dw3x3:d3r4:c1x5:c1x5:dw3x3:z,406305,0.3696295738220215,0.026911354064941405
32:32:32:64:8:16:8|d3r2:c1x1:dw3x3:c1x3:c1x1:d3r4,190113,0.19912683963775635,0.012321233749389648
32:64:32:8:16:16:8|d3r2:dw3x3:c1x5,140497,0.20384564399719238,0.011415672302246094
64:32:16:8:64:32:8|dw3x3:d3r4:id:c1x1:c1x3:c1x1,198705,1.0480008363723754,0.036914491653442384
8:16:8:16:32:32:16|d3r4:c1x5:d3r4,86265,0.21691060066223145,0.008725762367248535
16:32:32:32:8:16:64|d3r2:c1x1:z:c1x5:c1x5:c1x3,294561,0.2484593629837036,0.012642979621887207
8:16:16:64:64:32:16|z:c1x1:z,6921,0.14509313106536864,0.004932332038879395
32:32:16:16:32:16:16|c1x1:c1x1:c1x3:z:c1x1:c1x3,65337,0.32266769409179685,0.013348722457885742
64:8:8:32:32:32:64|dw3x3:c1x1:dw3x3:id:z:c1x3,114865,0.36394472122192384,0.023418259620666505
8:16:64:16:8:8:16|d3r2:d3r4:dw3x3:id:id:d3r2,127081,0.05943584442138672,0.004715418815612793
64:16:8:8:32:8:32|d3r4:z:d3r4:id:z:c1x3,149561,0.3360881805419922,0.022141289710998536
64:32:8:32:64:8:8|d3r2:d3r2:d3r2:c1x1:id:d3r4,348169,0.5319196939468384,0.03126392364501953
16:16:16:8:16:32:16|dw3x3:c1x5:c1x3:c1x5:id:z,73497,0.09077560901641846,0.010368633270263671
64:8:64:32:64:16:32|dw3x3:c1x5:c1x5:c1x5:c1x3:c1x5,673745,0.9860783338546752,0.07482430934906006
32:32:32:16:32:8:32|d3r4:c1x5:d3r2:id:z:c1x1,173673,0.2960925817489624,0.014635872840881348
32:16:16:32:64:16:16|dw3x3:c1x5:d3r4:d3r2:c1x5:c1x5,337441,1.4824910879135131,0.04219954013824463
64:16:64:64:16:8:64|c1x3:c1x1:c1x3:c1x5:z:z,391449,0.6818055391311646,0.02707374095916748
8:32:8:8:64:32:8|dw3x3:z:d3r2:dw3x3:dw3x3:c1x1,85545,0.2739324331283569,0.017551875114440917
64:8:64:16:8:8:16|c1x5:d3r4:c1x5:id:c1x1:z,213761,0.4311474561691284,0.025436949729919434
8:64:8:16:16:64:8|id:dw3x3:id:c1x1:c1x5:c1x3,168393,0.13945260047912597,0.01224346160888672
8:64:8:16:16:8:32|d3r4:id:id:z:z:dw3x3,37665,0.04452860355377197,0.003471827507019043
32:32:64:64:32:16:32|dw3x3:c1x5:c1x3:c1x1:d3r2:c1x1,369841,0.2233349084854126,0.019893932342529296
8:32:8:64:8:32:32|d3r4:z:c1x1:d3r4:id:d3r2,178849,0.08525655269622803,0.006286025047302246
8:32:64:64:16:16:32|dw3x3:c1x1:c1x5:c1x5:c1x5:dw3x3,374313,0.10292510986328125,0.013588881492614746
16:8:16:8:8:16:8|c1x5:id:dw3x3,14481,0.03508756160736084,0.003750038146972656
8:8:16:16:8:64:64|d3r4:c1x1:c1x5:dw3x3:c1x5:c1x3,321833,0.19901714324951172,0.01616063117980957
8:8:64:32:64:32:64|id:c1x3:c1x5:c1x3:c1x1:d3r2,476313,1.0154949426651,0.031626439094543456
16:32:32:64:32:8:64|dw3x3:c1x3:d3r2:z:c1x1:z,201497,0.2767690658569336,0.011467409133911134
16:64:64:8:8:32:32|d3r4:c1x5:c1x3:c1x1:c1x3:d3r4,453153,0.4946383237838745,0.017027974128723145
8:32:16:64:64:16:8|d3r4:c1x5:dw3x3:id:c1x1:c1x5,242505,0.7849966049194336,0.026654815673828124
32:64:64:16:16:8:8|id:d3r4:c1x3:d3r2:d3r2:c1x1,332521,0.21624391078948973,0.014558124542236327
8:8:32:8:64:32:64|c1x1:d3r4:d3r4:d3r4:c1x5:id,354169,0.3765442371368408,0.024326348304748537
64:16:8:32:16:16:8|dw3x3:c1x3:c1x5,97689,0.24485106468200685,0.019701933860778807
64:8:16:16:8:64:64|c1x3:id:c1x5,206177,0.32106144428253175,0.019782829284667968
32:8:32:64:32:64:32|c1x5:id:dw3x3,147313,0.15316324234008788,0.01193253993988037
64:64:32:16:16:32:8|d3r4:c1x5:dw3x3:dw3x3:d3r2:d3r2,439361,0.5276179313659668,0.03534777164459228
64:64:32:16:32:64:16|c1x1:z:dw3x3:c1x5:c1x3:c1x5,436889,1.3529863834381104,0.04338891506195068
8:8:16:32:64:16:8|c1x1:d3r2:c1x5:id:c1x1:c1x3,133289,0.8973781108856201,0.024009227752685547
64:64:32:16:16:16:32|c1x1:d3r4:d3r2,215817,0.5547431468963623,0.013272929191589355
64:8:64:64:32:8:64|id:c1x5:c1x5:c1x5:z:z,534137,0.4587312459945679,0.03409135341644287
16:32:8:32:64:64:16|c1x5:c1x5:c1x3:d3r4:d3r4:d3r2,561769,0.564475131034851,0.04266402721405029
16:16:64:64:64:32:16|c1x3:c1x3:c1x1:z:c1x1:d3r4,313209,0.3902429580688477,0.025615382194519042
8:16:8:32:16:8:16|c1x3:c1x5:c1x5:c1x5:c1x5:c1x1,92313,0.11193828582763672,0.010340023040771484
32:32:64:32:64:32:32|c1x5:c1x3:id:c1x1:c1x5:z,375129,0.4767169952392578,0.03403818607330322
32:16:16:16:16:8:32|c1x5:z:c1x1,36377,0.05552687644958496,0.005280685424804687
32:16:64:64:64:64:16|d3r4:d3r4:dw3x3:dw3x3:id:d3r2,495249,0.455659294128418,0.027271223068237305
16:64:32:16:32:8:64|d3r2:z:c1x3:dw3x3:z:id,155513,0.10402395725250244,0.009173059463500976
32:16:16:64:8:8:64|d3r2:dw3x3:d3r4:c1x3:id:id,228561,0.11276965141296387,0.012019538879394531
16:16:8:64:32:16:16|d3r2:z:c1x3:id:id:z,74217,0.07697403430938721,0.0057713031768798825
32:64:64:32:32:32:16|id:d3r4:c1x1:c1x1:c1x1:dw3x3,199337,0.21390817165374756,0.014232182502746582
16:16:32:32:8:32:32|c1x1:c1x3:d3r2:c1x1:d3r4:d3r4,172049,0.11454803943634033,0.007909321784973144
64:16:16:32:32:8:32|dw3x3:c1x3:d3r4:c1x3:d3r2:d3r2,307017,1.0633957862854004,0.03397932052612305
8:32:32:16:64:8:64|c1x1:d3r4:c1x3:c1x5:d3r2:dw3x3,329657,0.9069204807281495,0.02780005931854248
8:32:32:64:16:64:16|d3r4:d3r4:dw3x3:id:c1x3:z,253025,0.2903398275375366,0.012302517890930176
16:32:32:16:64:64:16|c1x1:c1x1:d3r4:dw3x3:c1x1:d3r2,247969,0.7993697166442871,0.022353053092956543
64:16:8:8:8:32:64|c1x3:c1x5:id:c1x3:z:id,175681,0.6370770692825317,0.024584174156188965
16:64:32:8:8:64:8|dw3x3:c1x3:d3r2:dw3x3:d3r4:c1x5,353617,0.2465264081954956,0.01934208869934082
64:8:64:8:32:64:32|d3r2:c1x5:id:d3r2:z:c1x1,342809,0.33301239013671874,0.030257821083068848
8:8:8:64:64:8:16|d3r2:d3r2:d3r4:d3r2:d3r4:d3r4,320217,0.2620215892791748,0.020541834831237792
64:32:8:32:32:64:64|d3r2:z:c1x3:c1x1:id:c1x3,347481,0.43848941326141355,0.0305572509765625
32:16:16:16:16:16:64|d3r4:c1x5:z:dw3x3:dw3x3:c1x3,163681,0.16526365280151367,0.015386343002319336
32:64:16:8:8:64:8|d3r2:c1x1:c1x1:d3r2:d3r4:d3r2,357569,0.22209060192108154,0.01812283992767334
16:64:16:64:64:32:8|d3r2:c1x3:d3r4:id:c1x1:d3r2,428665,0.43729729652404786,0.025034213066101076
32:8:32:32:64:32:16|c1x5:d3r2:d3r2:c1x5:c1x3:dw3x3,373217,0.7965440511703491,0.04260435104370117
16:32:8:16:16:16:16|d3r2:c1x5:d3r2:id:c1x1:id,77145,0.1697746753692627,0.009224343299865722
32:8:32:8:32:64:64|c1x3:dw3x3:c1x1,95257,0.3213363170623779,0.011575961112976074
8:16:32:16:32:16:8|id:z:d3r4:id:d3r2:id,59001,0.1521388053894043,0.006364059448242187
64:32:16:16:8:16:64|d3r2:id:d3r2:dw3x3:dw3x3:z,190017,0.5864370346069336,0.020475172996520997
64:8:8:8:64:64:16|dw3x3:z:d3r2:d3r4:id:id,229833,0.8548815488815308,0.025418591499328614
64:16:64:16:32:16:8|c1x3:d3r2:c1x3:c1x3:id:dw3x3,243665,0.7237847805023193,0.0333045482635498
64:64:16:16:64:8:32|dw3x3:c1x1:c1x1:d3r2:c1x3:d3r4,364393,0.6572334051132203,0.040355348587036134
64:16:32:8:8:32:64|c1x1:d3r2:d3r4:z:id:dw3x3,192065,0.24355266094207764,0.018036627769470216
16:16:8:16:32:8:16|id:dw3x3:z:id:id:dw3x3,10537,0.06697664260864258,0.0053264379501342775
32:16:32:64:64:64:32|c1x3:d3r2:id:d3r2:d3r2:d3r2,659673,0.5399482250213623,0.03185110092163086
32:8:8:32:64:8:64|c1x1:z:d3r2:c1x5:id:dw3x3,199905,0.7211921453475952,0.024837946891784667
8:64:64:64:8:8:32|c1x3:d3r4:d3r4:z:z:id,329249,0.18813798427581788,0.008518314361572266
8:32:16:32:32:64:64|d3r4:c1x1:c1x3:c1x1:z:d3r4,318361,0.416239070892334,0.015110254287719727
16:16:32:8:32:32:64|c1x3:z:d3r4:dw3x3:z:dw3x3,137985,0.30044529438018797,0.011854004859924317
16:32:64:8:32:64:8|d3r4:dw3x3:c1x5:c1x3:d3r4:id,355441,0.47353622913360593,0.020345330238342285
32:16:32:32:64:16:64|dw3x3:d3r2:z:dw3x3:c1x1:z,137289,0.21552791595458984,0.018079733848571776
16:64:64:8:16:32:16|dw3x3:c1x5:c1x3,177401,0.11113893985748291,0.009149932861328125
64:32:8:8:64:32:32|d3r2:dw3x3:d3r4:d3r2:c1x5:c1x1,454041,0.6862696647644043,0.04992794990539551
8:16:8:16:16:64:16|c1x3:z:d3r4:d3r4:d3r4:c1x1,165673,0.12490255832672119,0.010700583457946777
64:64:64:32:64:64:8|c1x3:c1x1:dw3x3:d3r4:c1x5:c1x5,843665,1.2311635732650756,0.06778028011322021
32:32:32:8:16:32:8|c1x5:c1x1:c1x1:c1x1:id:d3r4,105513,0.2883326768875122,0.011702990531921387
8:16:32:64:16:16:16|d3r2:id:dw3x3:c1x3:c1x3:c1x3,170961,0.18819727897644042,0.009649062156677246
16:8:32:64:64:32:64|id:c1x1:c1x1,44089,0.24782211780548097,0.00762333869934082
64:64:64:16:32:32:64|z:z:id,121,0.11976852416992187,0.004520940780639649
32:8:64:32:32:64:8|id:dw3x3:d3r4:d3r2:z:c1x5,309145,0.5319706439971924,0.0206296443939209
16:32:8:64:16:16:16|d3r2:c1x1:id:d3r2:d3r4:c1x3,168201,0.2008234977722168,0.010110926628112794
32:64:8:64:64:8:8|d3r4:id:d3r2:z:z:c1x3,275097,0.6037779331207276,0.022017407417297363
32:8:32:16:64:8:32|d3r4:d3r4:d3r4:c1x3:c1x1:c1x5,296537,0.48615188598632814,0.03233821392059326
32:8:32:64:64:64:8|id:c1x5:dw3x3:d3r4:dw3x3:z,270297,0.47686357498168946,0.02947540283203125
8:64:8:64:16:8:16|d3r4:id:d3r2:c1x3:c1x1:c1x5,254393,0.09684627056121826,0.009650015830993652
16:64:8:32:32:16:32|dw3x3:d3r4:c1x3:d3r2:d3r2:dw3x3,240441,0.2002605676651001,0.016977405548095702
32:8:8:8:16:8:16|id:d3r2:z:c1x3:d3r4:d3r4,60777,0.10991687774658203,0.010046029090881347
32:8:32:64:64:64:8|d3r4:dw3x3:d3r4,242073,0.2635082244873047,0.01677570343017578
64:64:32:32:8:8:16|id:dw3x3:c1x3:d3r4:d3r4:c1x3,333793,0.46945948600769044,0.029697561264038087
32:32:64:64:8:8:32|dw3x3:dw3x3:d3r2:c1x3:d3r2:dw3x3,324625,0.16756677627563477,0.014395666122436524
8:16:32:32:64:16:32|dw3x3:d3r4:z:z:z:c1x3,110817,0.1918489694595337,0.017132949829101563
8:16:8:64:64:64:8|id:d3r4:c1x1:c1x1:c1x5:c1x5,353865,0.8872169733047486,0.03065776824951172
16:32:32:8:16:16:8|d3r4:d3r4:c1x1:c1x1:dw3x3:z,72873,0.20242726802825928,0.01067490577697754
64:8:64:16:32:32:16|id:c1x5:dw3x3:c1x3:c1x1:c1x3,248097,1.0467086791992188,0.03421542644500732
8:64:16:64:8:8:16|c1x5:id:d3r4:c1x5:d3r4:d3r4,383153,0.28694872856140136,0.011360859870910645
32:32:16:32:16:16:16|c1x3:dw3x3:id:id:c1x1:dw3x3,47729,0.2252882719039917,0.011006808280944825
8:32:8:64:64:16:16|d3r4:dw3x3:z:c1x5:c1x3:d3r2,270145,0.5152631282806397,0.025086092948913574
8:16:32:64:16:32:64|c1x1:id:dw3x3:c1x3:c1x5:d3r4,314625,0.11287786960601806,0.008523869514465331
64:16:16:32:8:16:8|c1x5:z:c1x5:d3r2:c1x3:id,180641,0.3421837329864502,0.028970837593078613
64:8:32:32:8:16:64|c1x1:c1x1:dw3x3:c1x5:id:d3r2,221505,0.30325727462768554,0.022042083740234374
64:64:32:16:16:64:8|d3r2:c1x1:c1x1:dw3x3:d3r4:c1x5,441593,0.5351661682128906,0.034532904624938965
32:16:32:16:16:32:8|d3r2:d3r2:c1x5:z:c1x3:c1x1,140025,0.15557007789611815,0.015336155891418457
64:64:8:32:8:8:8|dw3x3:c1x1:d3r2,103145,0.1797919511795044,0.011719441413879395
32:8:32:16:8:16:8|c1x1:d3r2:z:d3r2:c1x1:d3r2,72593,0.1009225845336914,0.009313726425170898
32:64:16:16:8:16:16|d3r4:d3r2:c1x5:c1x3:d3r2:id,259985,0.17238645553588866,0.01735084056854248
8:8:16:32:16:64:32|c1x5:d3r4:c1x3:id:z:d3r4,228009,0.1339747667312622,0.011041831970214844
32:64:64:32:64:32:64|id:c1x1:id:id:c1x5:d3r2,424601,0.4573723793029785,0.024959564208984375
8:16:32:64:32:32:64|c1x3:c1x1:c1x1:id:id:d3r2,216809,0.239961576461792,0.009610438346862793
32:64:8:8:64:16:8|d3r4:c1x3:d3r2:c1x1:d3r2:dw3x3,311377,1.1480634689331055,0.030280423164367676
64:8:16:64:8:16:16|dw3x3:dw3x3:id,14865,0.2930817842483521,0.010067152976989745
32:64:8:64:64:16:16|d3r2:c1x5:id:dw3x3:id:id,206993,0.5792821645736694,0.02197418212890625
32:8:16:64:32:8:8|id:d3r2:c1x3:c1x3:z:c1x5,175977,0.4438411951065063,0.017040562629699708
16:16:8:64:32:16:8|c1x1:dw3x3:id:d3r4:dw3x3:c1x3,80265,0.1607599973678589,0.010710644721984863
64:32:64:8:32:8:16|id:c1x1:c1x3:dw3x3:c1x1:d3r2,202913,0.3411034822463989,0.024728107452392577
64:16:64:8:8:16:8|dw3x3:id:c1x1:c1x1:dw3x3:id,37985,0.19883444309234619,0.016616415977478028
8:16:16:32:16:8:64|c1x3:id:d3r2:d3r2:z:d3r4,191529,0.06170585155487061,0.006169795989990234
32:64:32:32:16:16:64|c1x1:z:d3r2:dw3x3:dw3x3:d3r2,256673,0.14914240837097167,0.013334035873413086
8:32:32:32:64:8:8|id:d3r2:c1x3:dw3x3:z:id,91937,0.21621570587158204,0.014840078353881837
8:8:32:8:64:8:64|d3r2:c1x3:c1x3:c1x5:c1x3:z,274649,0.34834315776824953,0.030103302001953124
8:16:16:32:32:16:16|d3r4:id:dw3x3:dw3x3:c1x5:d3r4,99833,0.12557525634765626,0.011179852485656738
32:64:64:32:64:8:16|id:c1x1:c1x5:d3r2:id:c1x3,378937,0.4164252281188965,0.029970598220825196
32:16:8:32:8:16:16|d3r2:dw3x3:c1x3:c1x5:c1x1:d3r2,105945,0.15544354915618896,0.013805413246154785
64:64:64:32:64:32:64|d3r2:id:z:z:id:c1x3,400793,1.030437159538269,0.027147197723388673
64:64:32:32:16:8:8|c1x5:c1x5:c1x1:d3r2:dw3x3:d3r2,417289,1.0864916563034057,0.03480339050292969
64:16:8:64:32:64:64|c1x5:d3r4:z:id:dw3x3:c1x5,530321,1.092736792564392,0.03871388435363769
64:64:8:16:16:32:16|c1x1:c1x1:id:c1x5:c1x1:c1x3,191801,0.36578080654144285,0.027772283554077147
32:32:32:16:8:32:16|id:z:dw3x3:c1x1:d3r4:c1x1,63561,0.11506695747375488,0.007173800468444824
32:16:32:64:32:16:64|d3r2:c1x1:id:id:d3r4:c1x1,255097,0.1349799156188965,0.01178290843963623
16:64:32:16:64:8:64|c1x1:d3r4:c1x1:c1x5:id:c1x1,240697,0.2878960132598877,0.021460080146789552
32:8:8:8:64:16:64|z:c1x3:c1x5,145049,0.23342812061309814,0.01831841468811035
16:32:64:64:16:16:32|d3r4:c1x1:d3r4:c1x5:c1x5:c1x5,564937,0.1320744276046753,0.01418161392211914
8:32:16:16:16:64:16|dw3x3:d3r4:d3r2:d3r4:dw3x3:c1x3,215897,0.16779096126556398,0.015032768249511719
32:64:32:32:32:64:64|c1x1:z:id:d3r4:d3r2:d3r4,504953,0.2601750373840332,0.017989039421081543
8:32:8:32:8:8:16|c1x1:z:d3r2:c1x5:c1x3:d3r4,87809,0.08388497829437255,0.005921554565429687
16:32:64:8:8:64:16|c1x1:d3r4:c1x3:c1x5:id:c1x1,242241,0.20818426609039306,0.013758134841918946
8:16:32:32:16:16:16|c1x3:c1x1:d3r2:d3r2:id:d3r4,115017,0.09329569339752197,0.007591557502746582
8:16:64:64:16:16:32|c1x1:id:d3r4:dw3x3:id:d3r2,212881,0.09291460514068603,0.007376408576965332
32:8:32:8:32:32:64|dw3x3:id:z,18713,0.11954529285430908,0.005983901023864746
32:16:8:8:32:8:16|d3r2:id:z:d3r2:c1x5:z,80569,0.34115018844604494,0.013218259811401368
16:16:64:16:8:8:8|c1x3:d3r4:dw3x3:c1x1:c1x3:c1x1,104041,0.20863547325134277,0.013086605072021484
64:8:16:8:64:64:16|c1x3:c1x1:dw3x3:id:z:id,112905,0.9495531797409058,0.02821929454803467
8:32:64:32:16:8:8|c1x3:z:c1x1:d3r2:d3r4:c1x3,196825,0.18187487125396729,0.008917713165283203
8:8:32:16:8:16:32|d3r4:c1x3:c1x5,76241,0.11321656703948975,0.006345367431640625
16:16:64:64:64:8:32|d3r2:c1x5:d3r2,357977,0.435547399520874,0.016268396377563478
8:16:64:8:16:32:8|dw3x3:z:c1x5:c1x5:id:d3r2,166065,0.16189858913421631,0.010276269912719727
16:32:16:64:64:64:8|id:c1x5:c1x5:d3r2:c1x1:d3r4,508489,0.7340623617172242,0.03520538806915283
32:32:32:64:64:16:32|c1x3:c1x1:c1x5:d3r4:c1x5:c1x1,455865,0.4871243715286255,0.03857274055480957
64:32:16:32:16:8:32|id:dw3x3:d3r4:z:c1x5:id,165145,0.3073054313659668,0.02034909725189209
8:8:16:32:32:32:16|d3r2:dw3x3:d3r4:z:d3r4:d3r4,138993,0.13849384784698487,0.008993840217590332
8:16:16:16:8:64:8|dw3x3:z:c1x3:d3r2:z:dw3x3,70377,0.11347343921661376,0.00836038589477539
16:32:32:16:32:64:8|d3r2:c1x5:c1x3:c1x5:d3r4:c1x5,421081,0.2961002588272095,0.02773730754852295
64:32:16:32:8:32:64|id:d3r2:d3r2:c1x3:dw3x3:c1x3,362345,0.4720837831497192,0.03077254295349121
32:16:32:16:8:8:32|d3r2:dw3x3:id:d3r2:c1x5:c1x1,121281,0.27822060585021974,0.01327664852142334
32:16:8:16:64:32:16|d3r2:d3r4:dw3x3:c1x3:dw3x3:z,177641,0.9764911890029907,0.02674732208251953
64:8:64:32:32:32:64|id:d3r4:dw3x3:dw3x3:c1x3:z,283529,0.865047812461853,0.02731499671936035
16:8:64:64:64:32:64|dw3x3:z:id:c1x1:dw3x3:d3r4,222697,0.5215003490447998,0.0168243408203125
16:16:16:64:8:8:8|dw3x3:z:c1x1,10041,0.050234103202819826,0.0037398338317871094
16:32:16:16:8:16:32|dw3x3:dw3x3:id:c1x3:z:z,32753,0.05980222225189209,0.005281186103820801
8:8:64:32:16:64:64|id:d3r2:z:d3r4:c1x1:z,292457,0.1223365068435669,0.009731626510620118
8:32:8:16:64:8:32|d3r4:d3r4:d3r2:dw3x3:c1x5:c1x3,226233,0.338305401802063,0.02811901569366455
16:8:64:16:64:8:8|c1x1:c1x5:c1x1:id:c1x5:c1x1,182633,0.2873119354248047,0.02446432113647461
64:16:8:8:32:16:16|c1x3:dw3x3:id:c1x1:id:c1x5,107545,0.3417257070541382,0.02686457633972168
32:16:32:16:64:16:16|d3r4:c1x3:dw3x3:c1x3:d3r2:c1x5,283865,0.47069876194000243,0.041051197052001956
64:32:64:8:16:16:32|id:z:c1x3:dw3x3:d3r4:c1x5,296201,0.6235670804977417,0.028767871856689452
32:32:16:8:8:64:32|c1x1:c1x1:d3r4:c1x1:c1x5:z,168545,0.4097495794296265,0.01414659023284912
64:8:64:64:64:8:32|c1x1:dw3x3:d3r2,192569,0.6156470537185669,0.017036175727844237
8:16:16:8:16:16:64|c1x3:z:dw3x3:d3r4:c1x3:c1x5,153977,0.1951890468597412,0.011686968803405761
32:8:32:8:64:16:8|id:c1x1:c1x3:c1x3:z:c1x3,124489,0.7306750059127808,0.028229641914367675
8:32:8:8:16:8:16|dw3x3:c1x5:d3r4:c1x3:c1x3:z,57905,0.10103981494903565,0.0076010704040527345
8:32:8:8:64:64:32|c1x3:z:d3r2:id:c1x1:z,172697,0.24627676010131835,0.01782979965209961
32:32:64:8:16:64:64|c1x1:z:c1x3:d3r4:d3r2:z,384025,0.1754535675048828,0.014939236640930175
32:16:16:64:32:16:64|d3r2:c1x5:id:id:d3r4:c1x1,317145,0.18339221477508544,0.01587667465209961
32:64:8:8:8:64:8|d3r4:z:dw3x3:c1x5:c1x5:z,273057,0.2112316370010376,0.020082926750183104
32:16:8:32:64:32:16|c1x3:c1x3:c1x5:d3r2:c1x1:c1x3,285945,0.5713955163955688,0.041687178611755374
8:64:32:64:16:16:16|id:c1x5:dw3x3:d3r2:dw3x3:c1x3,255657,0.12945954799652098,0.010576677322387696
64:64:64:8:64:16:64|d3r2:d3r4:d3r4:d3r4:d3r2:c1x5,1154153,1.5262069225311279,0.052444958686828615
8:32:16:16:8:32:32|id:d3r2:d3r4:c1x3:dw3x3:d3r4,141681,0.2441340684890747,0.01166849136352539
16:32:64:16:16:32:16|c1x5:c1x3:c1x3:c1x5:d3r4:c1x5,371561,0.5000452995300293,0.020155835151672363
8:8:64:16:16:16:64|c1x5:d3r4:c1x5,254825,0.20463299751281738,0.010214900970458985
64:8:16:16:32:32:64|d3r2:d3r4:z:c1x5:dw3x3:z,272561,0.867259430885315,0.02869994640350342
32:16:32:16:8:32:32|c1x1:c1x3:c1x3:id:c1x5:dw3x3,124617,0.17290401458740234,0.01499483585357666
16:32:64:8:64:16:16|z:d3r2:z,65097,0.06428763866424561,0.0051971435546875
16:64:16:8:16:16:32|c1x1:c1x3:d3r4:d3r2:c1x1:c1x3,187305,0.11459431648254395,0.012685275077819825
64:32:8:8:8:32:64|d3r2:c1x3:c1x5:id:d3r4:d3r2,427121,0.3978017807006836,0.031760215759277344
64:8:64:16:8:8:16|d3r4:c1x5:id,110193,0.169411563873291,0.013530325889587403
32:32:64:8:8:32:8|c1x1:d3r4:d3r4:z:c1x3:dw3x3,183801,0.15368959903717042,0.012205767631530761
32:32:16:8:64:32:16|dw3x3:d3r2:d3r2:d3r4:c1x5:c1x1,310633,0.48787264823913573,0.03252115249633789
8:64:32:32:64:8:16|c1x3:dw3x3:d3r4:id:d3r4:c1x3,323177,0.9274190425872803,0.025937318801879883
64:8:32:8:16:16:32|c1x1:d3r2:c1x3:c1x1:dw3x3:dw3x3,112105,0.720931601524353,0.024430227279663087
64:8:32:32:64:8:8|dw3x3:d3r2:c1x1:z:d3r4:d3r4,278417,1.1199007987976075,0.03046722412109375
16:32:64:32:64:64:8|dw3x3:d3r4:d3r2,268601,0.21085243225097655,0.014567041397094726
16:16:16:16:64:32:16|d3r4:c1x1:c1x3:z:id:z,95001,0.23924198150634765,0.015797114372253417
8:16:16:64:8:32:32|c1x3:id:dw3x3:c1x3:d3r2:d3r2,214641,0.09006998538970948,0.007144761085510254
64:64:8:32:32:32:32|d3r2:id:c1x5:c1x1:c1x3:z,337625,0.3930772542953491,0.032621169090271
64:64:64:8:8:16:8|c1x3:c1x1:z:d3r4:dw3x3:dw3x3,221329,0.34452431201934813,0.023918509483337402
64:8:16:64:32:16:32|c1x1:d3r4:d3r2:c1x1:id:d3r4,284425,0.33386812210083006,0.022029018402099608
8:8:16:16:64:32:16|c1x3:c1x5:c1x3:c1x5:dw3x3:c1x1,187705,0.4715650796890259,0.033964896202087404
32:64:64:64:16:32:16|id:z:d3r4:c1x5:id:id,298281,0.14210894107818603,0.011136746406555176
32:8:64:8:32:32:16|dw3x3:id:c1x5:id:c1x3:d3r2,210185,0.27477641105651857,0.018274998664855956
32:16:64:64:32:64:64|c1x5:id:z:z:c1x5:d3r2,581529,0.3992180347442627,0.021523714065551758
32:8:64:64:64:8:8|id:c1x1:id:dw3x3:c1x1:c1x1,54209,0.4604030132293701,0.01495530605316162
64:64:32:64:8:8:8|d3r4:z:d3r2:d3r2:d3r4:d3r4,558417,0.8730863332748413,0.024465107917785646
32:64:64:32:8:8:8|c1x3:z:c1x1:d3r4:d3r4:z,259217,0.3036503791809082,0.01212153434753418
16:64:32:64:32:8:16|c1x1:id:dw3x3:c1x5:id:id,126305,0.23025672435760497,0.010259652137756347
64:16:64:8:8:64:8|c1x5:id:dw3x3:dw3x3:c1x3:dw3x3,219929,0.8605220317840576,0.033635950088500975
32:8:16:16:32:8:16|c1x5:dw3x3:dw3x3:d3r2:dw3x3:c1x5,99161,0.31492228507995607,0.019765663146972656
64:32:32:64:32:64:64|c1x3:z:d3r4:id:c1x1:id,342905,0.3349758148193359,0.02243528366088867
8:8:8:64:32:16:32|d3r2:dw3x3:d3r4:d3r4:d3r2:d3r4,265537,0.13544971942901612,0.01060783863067627
8:32:16:64:64:16:16|d3r4:id:z:z:c1x3:d3r4,206937,0.22119412422180176,0.017969655990600585
32:32:8:8:32:16:16|id:id:c1x5:d3r2:id:d3r4,114873,0.15545730590820311,0.014516639709472656
8:32:64:8:64:8:32|c1x3:dw3x3:c1x1:dw3x3:c1x1:d3r2,187577,0.26675758361816404,0.02060744762420654
32:8:64:32:16:16:8|c1x3:c1x3:d3r4,132809,0.1028656005859375,0.008265137672424316
8:8:64:64:16:32:64|z:dw3x3:d3r4,143217,0.04531552791595459,0.003361940383911133
64:8:32:16:64:8:16|c1x1:c1x3:d3r4:c1x5:c1x1:c1x1,256985,0.6557983160018921,0.04254624843597412
16:16:64:32:16:32:8|dw3x3:c1x5:d3r4:c1x1:z:dw3x3,151377,0.16213054656982423,0.010356330871582031
64:16:8:8:64:64:16|d3r2:d3r2:d3r2:dw3x3:z:id,353129,1.1689013719558716,0.031759214401245114
16:64:64:32:8:64:32|c1x1:d3r4:c1x3:z:d3r2:c1x1,409473,0.3339513301849365,0.013266444206237793
32:8:8:32:32:16:32|c1x3:d3r2:z:z:c1x1:z,70777,0.22883450984954834,0.010877895355224609
8:64:16:8:64:16:64|c1x5:z:c1x5:c1x1:z:d3r4,354393,0.7396063804626465,0.028169417381286622
8:32:64:32:8:16:16|id:dw3x3:c1x5:c1x1:z:d3r4,153945,0.11686487197875976,0.007782578468322754
16:8:64:32:32:32:64|d3r2:c1x5:c1x3,309225,0.224595308303833,0.011374950408935547
8:16:32:8:16:64:32|dw3x3:c1x1:c1x3:c1x3:c1x5:c1x5,234697,0.15831098556518555,0.016478085517883302
8:8:64:32:32:64:64|d3r4:z:dw3x3,159817,0.08834328651428222,0.006268453598022461
32:8:32:16:16:64:8|id:d3r4:c1x3:dw3x3:z:c1x3,132249,0.17887732982635499,0.016658306121826172
8:8:32:8:64:64:16|d3r4:d3r2:c1x5:c1x1:dw3x3:dw3x3,263577,0.3818378925323486,0.02883784770965576
32:64:32:8:64:32:16|d3r4:d3r4:id:d3r2:z:z,323049,0.3037320375442505,0.01801626682281494
8:16:8:64:32:32:8|d3r4:c1x5:z:id:dw3x3:id,94305,0.09921770095825196,0.008397221565246582
32:16:64:16:16:8:16|c1x3:c1x1:z:id:z:c1x3,82617,0.09147472381591797,0.009226632118225098
16:32:64:32:64:8:32|c1x3:c1x5:d3r4:z:d3r2:c1x3,453657,0.5409489870071411,0.030628323554992676
16:16:8:16:64:16:8|c1x1:d3r2:c1x5:d3r2:d3r2:c1x5,216665,0.9156725168228149,0.03031187057495117
64:8:8:8:64:32:32|dw3x3:c1x3:dw3x3:c1x5:d3r2:c1x3,340305,1.313069725036621,0.05549979209899902
32:64:32:16:32:64:64|c1x3:c1x5:d3r4:z:d3r2:z,563385,0.39509608745574953,0.02413034439086914
8:16:32:8:32:16:32|id:dw3x3:c1x1:dw3x3:d3r4:c1x5,90521,0.1098616361618042,0.010354256629943848
64:64:16:32:8:64:32|c1x3:d3r4:dw3x3:id:id:d3r2,384873,0.4343012571334839,0.027095484733581542
32:32:64:8:64:16:8|c1x1:c1x3:c1x1:d3r4:d3r2:id,246617,0.3619359493255615,0.02323470115661621
16:16:32:32:16:8:8|c1x3:c1x1:c1x3:d3r4:c1x5:d3r4,123945,0.09031038284301758,0.010213971138000488
8:64:64:64:8:64:64|id:d3r4:id,249793,0.08159451484680176,0.004908990859985351
64:8:64:16:32:16:8|dw3x3:z:dw3x3:d3r2:c1x1:id,86409,0.24211575984954833,0.019204020500183105
32:16:8:32:16:8:32|c1x5:c1x1:d3r4:c1x5:z:c1x1,114377,0.15639233589172363,0.013952183723449706
64:64:64:16:32:64:16|c1x3:c1x3:c1x3:d3r4:dw3x3:c1x1,563001,1.5635238885879517,0.04497358798980713
16:64:16:8:8:64:8|d3r4:c1x1:d3r2:c1x5:c1x1:d3r2,332337,0.41325442790985106,0.016261887550354005
64:32:32:32:16:64:16|c1x3:d3r2:c1x3:c1x1:id:c1x5,367721,1.0959648609161377,0.036226725578308104
16:32:32:64:8:64:16|d3r4:d3r4:z:id:z:id,170241,0.11157937049865722,0.00827651023864746
8:16:16:32:16:64:8|d3r4:dw3x3:c1x3:z:id:c1x3,116265,0.1376542329788208,0.00992894172668457
8:64:64:64:8:8:64|c1x5:dw3x3:c1x1:d3r2:z:id,377777,0.10562734603881836,0.00962519645690918
64:16:32:64:32:16:16|c1x3:c1x1:d3r2:d3r2:dw3x3:d3r4,360969,0.4466895341873169,0.03237385749816894
16:8:8:16:8:16:32|d3r2:dw3x3:c1x1:c1x3:c1x1:d3r4,58009,0.09173774719238281,0.00817699432373047
32:32:32:16:16:16:64|dw3x3:z:c1x5:c1x5:id:z,173041,0.1410510301589966,0.013786888122558594
16:32:16:64:8:8:64|id:d3r2:id:d3r4:d3r4:z,246913,0.07484941482543946,0.00636134147644043
16:64:64:16:32:64:32|id:id:c1x1:d3r2:c1x1:d3r4,350457,0.20645134449005126,0.013629603385925292
8:8:32:16:32:8:16|id:c1x3:dw3x3:z:z:d3r4,47281,0.09819960594177246,0.006793570518493652
16:32:32:16:16:32:32|c1x3:dw3x3:c1x1:c1x1:id:c1x1,61409,0.10696132183074951,0.008824920654296875
16:64:64:64:32:32:64|c1x3:d3r2:d3r4:c1x1:id:c1x1,548281,0.2018871784210205,0.015022087097167968
8:64:16:64:16:32:32|d3r4:z:id:c1x1:z:c1x3,155817,0.10121266841888428,0.0062588930130004885
8:64:64:64:32:8:16|dw3x3:c1x5:d3r4,269033,0.21032118797302246,0.010289144515991212
32:32:32:32:16:16:64|d3r2:z:c1x1:c1x1:dw3x3:c1x1,127753,0.30944128036499025,0.012404990196228028
64:16:32:64:8:64:16|id:dw3x3:c1x1:c1x1:d3r4:d3r2,296105,0.9860575914382934,0.02198154926300049
16:32:16:32:16:16:16|c1x3:c1x1:z,25801,0.08677079677581787,0.006737303733825683
8:32:16:8:16:64:8|d3r4:c1x5:c1x3:dw3x3:id:d3r4,193473,0.3995617389678955,0.015813517570495605
64:16:8:8:64:16:16|dw3x3:c1x1:d3r2:dw3x3:c1x5:c1x1,211481,1.2411906480789185,0.040658879280090335
64:32:32:64:16:16:8|c1x1:c1x1:dw3x3:d3r4:c1x3:z,172209,0.3695836067199707,0.02214970588684082
32:64:64:32:32:64:16|c1x5:d3r2:c1x5:id:d3r4:d3r2,788249,0.4271495580673218,0.031084990501403807
16:16:16:32:64:32:16|id:d3r4:dw3x3,68441,0.1659075975418091,0.009638690948486328
64:16:32:16:64:8:64|d3r2:d3r2:d3r4:d3r2:c1x5:c1x5,700889,0.7920446157455444,0.0572627067565918
8:64:16:32:16:32:16|dw3x3:c1x3:id:d3r4:dw3x3:c1x3,155513,0.1404033660888672,0.01005258560180664
32:8:32:8:32:16:16|c1x1:d3r4:z,36537,0.07933838367462158,0.005254936218261719
64:8:16:16:32:32:32|dw3x3:id:dw3x3:c1x3:c1x3:z,116777,0.9192198276519775,0.028827929496765138
64:32:64:16:64:8:8|dw3x3:dw3x3:z,30057,0.43206326961517333,0.013652896881103516
16:8:64:8:8:32:64|dw3x3:z:id,11665,0.07843070030212403,0.003085041046142578
8:64:32:64:16:64:64|d3r2:id:d3r2:dw3x3:id:d3r4,547073,0.4263288974761963,0.0133314847946167
32:64:64:64:8:16:32|d3r2:c1x1:c1x3:c1x5:d3r4:c1x5,692497,0.5388305187225342,0.021147322654724122
32:32:8:8:64:16:32|d3r4:id:c1x5:d3r4:c1x5:c1x1,278297,1.0286689758300782,0.03342339992523193
16:32:8:16:16:8:8|c1x1:z:c1x5:dw3x3:c1x1:z,28177,0.05491940975189209,0.005580615997314453
32:32:64:16:16:16:16|id:dw3x3:c1x3,60385,0.09054501056671142,0.0067626953125
8:64:64:16:8:16:64|d3r4:d3r2:c1x5:dw3x3:dw3x3:d3r2,515625,0.17171831130981446,0.013930606842041015
32:64:32:64:32:8:64|id:c1x3:dw3x3:id:c1x3:c1x3,327953,0.28806352615356445,0.019567346572875975
32:64:16:8:64:16:64|dw3x3:d3r2:dw3x3:id:dw3x3:c1x1,163321,0.3431159496307373,0.023566699028015135
32:16:16:8:32:32:16|d3r4:dw3x3:d3r4:c1x3:d3r2:z,145561,0.23059308528900146,0.01753406524658203
32:32:32:64:32:64:32|d3r2:c1x1:dw3x3:c1x3:c1x3:c1x3,410585,0.32673232555389403,0.025693750381469725
32:16:32:32:8:8:64|id:d3r2:d3r4:c1x3:id:d3r2,251169,0.11405346393585206,0.010993123054504395
8:32:16:64:32:64:32|c1x3:c1x1:c1x3,150121,0.09887986183166504,0.008936238288879395
16:64:64:32:64:16:32|c1x5:c1x3:z:dw3x3:dw3x3:d3r4,402993,0.5634936809539794,0.02980833053588867
32:32:8:16:16:8:32|id:c1x1:z:c1x3:c1x3:d3r2,85545,0.3261937379837036,0.015067696571350098
16:8:64:16:8:32:8|c1x1:c1x3:id:dw3x3:d3r4:dw3x3,97801,0.24304540157318116,0.011884379386901855
16:32:64:64:32:16:32|id:dw3x3:d3r4:d3r4:z:dw3x3,262417,0.3595703125,0.013089275360107422
32:32:16:64:16:32:16|id:c1x1:dw3x3:c1x1:d3r4:dw3x3,112169,0.3291325569152832,0.011311197280883789
32:64:8:16:32:32:32|c1x3:d3r4:d3r2:c1x1:id:d3r2,296281,0.5556811332702637,0.018370914459228515
32:8:64:64:8:16:16|c1x1:dw3x3:id:c1x3:c1x3:c1x1,144057,0.2657464981079102,0.012618017196655274
16:16:16:32:16:64:8|dw3x3:id:id:id:c1x3:c1x3,90185,0.2411747932434082,0.010868597030639648
16:64:8:64:64:32:16|c1x3:d3r4:dw3x3:dw3x3:d3r4:d3r4,430905,1.0536041736602784,0.03048257827758789
8:16:8:64:16:64:8|c1x1:z:d3r2:c1x1:id:c1x1,98729,0.13403809070587158,0.005792760848999023
8:8:64:16:8:32:64|dw3x3:d3r4:d3r4:c1x3:id:d3r2,330265,0.11965775489807129,0.01024787425994873
64:64:32:8:16:32:16|d3r2:id:dw3x3:c1x3:c1x5:z,303729,0.34474503993988037,0.030374646186828613
8:64:64:32:32:8:32|c1x1:d3r4:id:c1x1:id:dw3x3,137385,0.10425422191619874,0.006805253028869629
64:8:32:16:32:16:8|d3r2:c1x1:dw3x3:d3r4:d3r2:d3r4,227561,0.38519792556762694,0.0289658784866333
64:32:32:32:64:16:8|c1x1:c1x3:c1x3:z:c1x5:c1x5,384073,0.7913744926452637,0.05848276615142822
32:64:64:64:32:64:16|dw3x3:c1x1:c1x5:dw3x3:z:c1x5,449289,0.7131364822387696,0.027633118629455566
32:32:16:16:16:64:32|c1x5:dw3x3:d3r4:id:d3r4:c1x1,250113,0.6347192525863647,0.019105815887451173
16:8:32:16:64:32:64|dw3x3:d3r4:d3r2:z:d3r2:d3r2,391313,0.8807707786560058,0.022075247764587403
8:32:8:64:8:16:64|d3r4:c1x1:d3r4:dw3x3:c1x1:id,182633,0.17323813438415528,0.007712531089782715
32:16:64:32:16:8:16|d3r4:z:d3r2:d3r2:id:d3r2,240041,0.2735105276107788,0.011027312278747559
64:16:16:32:8:8:16|d3r2:c1x5:dw3x3:d3r4:d3r2:dw3x3,191265,0.7729480743408204,0.027721571922302245
64:64:32:8:32:8:32|dw3x3:dw3x3:dw3x3:dw3x3:d3r4:d3r4,265553,0.5424996137619018,0.0310030460357666
16:16:64:64:64:16:32|id:d3r4:dw3x3,137577,0.11897115707397461,0.008460044860839844
16:64:16:32:16:16:8|c1x3:c1x1:z:d3r4:d3r4:d3r4,194057,0.116355299949646,0.009844636917114258
64:8:64:16:32:8:8|dw3x3:c1x3:c1x3:z:id:z,114433,0.2861272096633911,0.023814892768859862
8:8:64:16:64:32:16|dw3x3:d3r2:d3r2:id:c1x3:c1x3,280993,0.382403039932251,0.0259446382522583
16:16:16:16:32:32:16|c1x5:z:c1x5:id:d3r4:d3r2,133689,0.15849220752716064,0.014796876907348632
16:8:8:32:64:16:32|c1x5:dw3x3:z:c1x1:d3r4:id,130065,0.22294068336486816,0.019237518310546875
8:8:8:8:16:32:64|d3r4:dw3x3:id:dw3x3:dw3x3:dw3x3,64745,0.1429982900619507,0.00734560489654541
16:8:32:32:64:8:32|id:dw3x3:z:c1x1:d3r4:c1x5,162585,0.5923366785049439,0.022352075576782225
64:64:8:8:32:64:8|c1x3:c1x5:c1x5:d3r4:c1x1:c1x3,580953,1.7040116786956787,0.05377874374389648
64:64:32:64:16:16:64|d3r2:id:c1x1:dw3x3:c1x3:c1x1,347393,0.7442534446716309,0.02722456455230713
8:32:8:64:8:64:32|id:c1x3:id:dw3x3:z:dw3x3,84033,0.11680777072906494,0.007890009880065918
32:8:8:32:64:64:8|dw3x3:c1x1:d3r4:z:c1x3:c1x5,282489,0.4322214126586914,0.03368701934814453
8:16:16:8:8:32:32|d3r2:dw3x3:c1x1:c1x1:c1x1:d3r4,68449,0.10998451709747314,0.006689190864562988
8:8:16:32:16:8:32|d3r4:dw3x3:c1x1:d3r2:z:c1x5,87833,0.09439265727996826,0.007921600341796875
64:64:64:32:16:32:64|d3r2:dw3x3:id:dw3x3:c1x5:d3r4,616377,0.440145468711853,0.03285470008850098
8:64:16:8:64:16:32|c1x5:id:c1x3:c1x1:d3r4:d3r2,327801,0.42510170936584474,0.027627158164978027
64:8:64:32:16:8:64|d3r2:c1x1:c1x3:z:dw3x3:c1x5,353385,0.33577158451080324,0.02861199378967285
8:8:32:64:64:8:16|d3r4:d3r2:z:c1x5:z:d3r2,256681,0.22582976818084716,0.018872380256652832
32:32:64:64:64:32:64|c1x5:c1x3:d3r2:d3r4:z:dw3x3,745785,0.5311702013015747,0.03548035621643066
64:64:16:16:16:32:16|c1x3:id:c1x3:c1x5:c1x3:id,298601,0.4597489356994629,0.03658630847930908
32:8:8:64:16:32:64|c1x3:c1x3:c1x5:c1x3:z:id,286761,0.39641144275665285,0.01650669574737549
64:8:8:8:64:8:32|dw3x3:c1x1:d3r4:d3r2:dw3x3:c1x1,182833,1.427782940864563,0.03257541656494141
8:64:8:8:16:16:32|dw3x3:c1x1:d3r4:dw3x3:d3r2:z,121241,0.21298203468322754,0.010672259330749511
32:32:64:64:16:16:8|id:c1x5:c1x1:dw3x3:c1x3:id,199721,0.31299595832824706,0.01329183578491211
64:16:16:64:16:32:16|d3r2:d3r2:id:z:c1x3:c1x1,193833,0.6465424299240112,0.0232011079788208
32:32:64:16:64:8:32|z:id:c1x5,125945,0.3193913459777832,0.013115715980529786
16:16:64:16:8:32:32|d3r2:id:id:c1x1:c1x1:z,83953,0.11770055294036866,0.007138466835021973
64:64:8:32:16:16:16|c1x5:c1x1:d3r4:d3r2:id:c1x3,332729,0.9337783098220825,0.030258369445800782
8:64:64:32:32:8:32|id:id:d3r2:c1x1:d3r4:dw3x3,245545,0.1893218994140625,0.009515690803527831
64:32:64:32:32:8:32|c1x1:c1x3:c1x5:d3r4:c1x1:z,339817,0.46547412872314453,0.03164060115814209
64:8:16:16:32:32:16|c1x5:c1x3:dw3x3:id:c1x5:d3r2,251633,0.5363222837448121,0.03854107856750488
8:16:64:64:32:16:32|d3r4:dw3x3:z:d3r2:z:d3r4,309921,0.10034847259521484,0.008599638938903809
8:64:8:32:32:8:32|c1x5:d3r4:c1x3:id:dw3x3:c1x3,195697,0.1572486400604248,0.014920687675476075
